source,author,title,description,url,published_at,content,summary,sentiment_score,sentiment_label
Motley Fool Australia,James Mickleboro,Buy and hold these ASX ETFs forever after the market selloff,"These funds could be great long term picks. Let's find out why.
The post Buy and hold these ASX ETFs forever after the market selloff appeared first on The Motley Fool Australia.",https://www.fool.com.au/2025/03/26/buy-and-hold-these-asx-etfs-forever-after-the-market-selloff/,2025-03-25T21:27:44Z,"It certainly has been a volatile few weeks for investors, with market selloffs shaking confidence and dragging down prices across the board.
But history shows that these difficult periods of weaknes… [+2939 chars]",,,
Macdailynews.com,MacDailyNews,"Helped by Apple, Nasdaq ends higher as traders focus on tariffs, data","The Nasdaq closed higher on Tuesday, driven by gains in Apple, while Nvidia saw a decline, as investors evaluated consumer sentiment data…
The post Helped by Apple, Nasdaq ends higher as traders focus on tariffs, data appeared first on MacDailyNews.",https://macdailynews.com/2025/03/25/helped-by-apple-nasdaq-ends-higher-as-traders-focus-on-tariffs-data/,2025-03-25T20:17:21Z,"The Nasdaq closed higher on Tuesday, driven by gains in Apple, while Nvidia saw a decline, as investors evaluated consumer sentiment data and anticipated a more lenient trade policy approach from the… [+975 chars]",,,
AppleInsider,news@appleinsider.com (William Gallagher and Mike Wuerthele),Apple is reportedly investing heavily into Nvidia servers for AI development,"Perhaps defying Apple's very public claim that it is using Apple Silicon servers to run Apple Intelligence, an analyst insists the company is now spending $1 billion to buy Nvidia systems as well.Siri icon in a datacenterIn April 2024, there were the rumors t…",https://appleinsider.com/articles/25/03/25/apple-is-reportedly-investing-heavily-into-nvidia-servers-for-ai-development,2025-03-25T17:49:50Z,"Perhaps defying Apple's very public claim that it is using Apple Silicon servers to run Apple Intelligence, an analyst insists the company is now spending $1 billion to buy Nvidia systems as well.
I… [+2153 chars]",,,
9to5Mac,Ryan Christoffel,Apple is about to spend $1 billion on NVIDIA servers for AI: analyst,"Amid recent reports of Apple struggling in its AI efforts, particularly with Siri, a new analyst report indicates the company is close to laying down a full $1 billion in new purchases of NVIDIA’s AI servers.



 more…",https://9to5mac.com/2025/03/25/apple-is-about-to-spend-1-billion-on-nvidia-servers-for-ai-analyst/,2025-03-25T16:33:12Z,"Amid recent reports of Apple struggling in its AI efforts, particularly with Siri, a new analyst report indicates the company is close to laying down a full $1 billion in new purchases of NVIDIAs AI … [+1430 chars]",,,
Biztoc.com,247wallst.com,"People Say Buffett Doesn’t Understand Tech, But He Made 3,400% On Something So Simple","In 2016, Warren Buffett made perhaps his most profitable investment of all time. His Berkshire Hathaway (NYSE:BRK-B) invested an initial $1 billion in iPhone maker Apple (NASDAQ:AAPL), later adding $39 billion to his hoard of AAPL stock.
This investment has b…",https://biztoc.com/x/82c4acf11c730fd0,2025-03-25T16:15:12Z,"In 2016, Warren Buffett made perhaps his most profitable investment of all time. His Berkshire Hathaway (NYSE:BRK-B) invested an initial $1 billion in iPhone maker Apple (NASDAQ:AAPL), later adding $… [+145 chars]",,,
Macdailynews.com,MacDailyNews,"Apple joins AI data center race, orders $1 billion in Nvidia systems","While other major tech companies poured resources into artificial intelligence data centers, Apple initially held back, opting out of the…
The post Apple joins AI data center race, orders $1 billion in Nvidia systems appeared first on MacDailyNews.",https://macdailynews.com/2025/03/25/apple-joins-ai-data-center-race-orders-1-billion-in-nvidia-systems/,2025-03-25T16:00:34Z,"Apples Reno, Nevada data center
While other major tech companies poured resources into artificial intelligence data centers, Apple initially held back, opting out of the capital expenditure frenzy. … [+6925 chars]",,,
Biztoc.com,benzinga.com,"Inquiry Into Apple's Competitor Dynamics In Technology Hardware, Storage & Peripherals Industry","In today's rapidly changing and fiercely competitive business landscape, it is essential for investors and industry enthusiasts to thoroughly analyze companies. In this article, we will conduct a comprehensive industry comparison, evaluating Apple AAPL agains…",https://biztoc.com/x/b29182d8bff1801e,2025-03-25T15:07:43Z,"In today's rapidly changing and fiercely competitive business landscape, it is essential for investors and industry enthusiasts to thoroughly analyze companies. In this article, we will conduct a com… [+146 chars]",,,
Yahoo Entertainment,Unknown,Apple Inc. (AAPL): Among the 10 Goldman Sachs Tech Stocks to Buy,,https://consent.yahoo.com/v2/collectConsent?sessionId=1_cc-session_2a1d2edc-0bec-4fc4-bdfd-4bfbcef8af42,2025-03-25T14:37:21Z,"If you click 'Accept all', we and our partners, including 238 who are part of the IAB Transparency &amp; Consent Framework, will also store and/or access information on a device (in other words, use … [+702 chars]",,,
Biztoc.com,247wallst.com,Jim Cramer Likes Apple’s New Decision,Jim Cramer told the audience of his CNBC show “Mad Money” that he liked Apple Inc.’s (NASDAQ: AAPL) decision to move more of its manufacturing to the United States. He compared the move to similar ones made by Taiwan Semiconductor and Hyundai. Move your manuf…,https://biztoc.com/x/7712109093f2f9fa,2025-03-25T14:11:15Z,Jim Cramer told the audience of his CNBC show Mad Money that he liked Apple Inc.s (NASDAQ: AAPL) decision to move more of its manufacturing to the United States. He compared the move to similar ones … [+142 chars],,,
Forbes,"Michael Foster, Contributor, 
 Michael Foster, Contributor
 https://www.forbes.com/sites/michaelfoster/",3 Big Dividends That Have Proven The ‘Experts’ Wrong Again,"Most investors who’ve invested for the long haul are ready to deal with this selloff. That’s because, over the last five years, stocks have been on an absolute tear.",https://www.forbes.com/sites/michaelfoster/2025/03/25/3-big-dividends-that-have-proven-the-experts-wrong-again/,2025-03-25T13:53:00Z,"MISTAKES TO AVOID
getty
Heres some good news in these uncertain times: Most investors whove invested for the long haul are well-equipped to deal with this selloff. Thats because, over the last five… [+6664 chars]",,,
Applech2.com,applech2,AmazonスマイルSALE新生活FINALの先行セールで、SpigenのiPhone 16eやiPad (A16)、iPad Air (M3)、MacBook Air (M4)、Mac Studio対応のケースやスタンドなどがタイムセール中。,"AmazonスマイルSALE新生活FINALの先行セールで、SpigenのiPhone 16eやiPad (A16)、iPad Air (M3)、MacBook Air (M4)、Mac Studio対応のケースやスタ […]
The post AmazonスマイルSALE新生活FINALの先行セールで、SpigenのiPhone 16eやiPad (A16)、iPad Air (M3)、MacBook Air (M4)、Mac Studio対応のケースやスタンドなどがタイムセール中。 first appeare…",https://applech2.com/archives/20250325-spigen-new-life-final.html,2025-03-25T13:13:27Z,"AmazonSALEFINALSpigeniPhone 16eiPad (A16)iPad Air (M3)MacBook Air (M4)Mac Studio
Amazon Japan202503281002AmazonSALE FINALSpigen JapnaiPhoneGalaxyPixelMac/PC/1,98040%OFF
Spigen JapanAppleiPhone 16e1… [+1231 chars]",,,
Wccftech,Rohail Saleem,"Loop Capital: Apple Is Placing ~$1 Billion Worth Of Orders For NVIDIA’s GB300NVL72, With Super Micro Computer (SMCI) And Dell Tapped As “Key Server Partners”","In what is a testament to the superiority of NVIDIA's commercial GPUs and the time-related tradeoff involved in designing and optimizing a custom ASIC, Apple is finally jumping onto NVIDIA's GPU bandwagon with a sizable order, with Super Micro Computer and De…",https://wccftech.com/loop-capital-apple-is-placing-1-billion-worth-of-orders-for-nvidias-gb300nvl72-with-super-micro-computer-smci-and-dell-tapped-as-key-server-partners/,2025-03-25T12:47:30Z,"This is not investment advice. The author has no position in any of the stocks mentioned. Wccftech.com has a disclosure and ethics policy.
In what is a testament to the superiority of NVIDIA's comme… [+2725 chars]",,,
ETF Daily News,MarketBeat News,"Plimoth Trust Co. LLC Sells 1,070 Shares of Apple Inc. (NASDAQ:AAPL)","Plimoth Trust Co. LLC lowered its stake in shares of Apple Inc. (NASDAQ:AAPL – Free Report) by 1.0% during the fourth quarter, according to its most recent disclosure with the Securities and Exchange Commission. The firm owned 110,826 shares of the iPhone mak…",https://www.etfdailynews.com/2025/03/25/plimoth-trust-co-llc-sells-1070-shares-of-apple-inc-nasdaqaapl/,2025-03-25T07:11:03Z,"Plimoth Trust Co. LLC lowered its stake in shares of Apple Inc. (NASDAQ:AAPL – Free Report) by 1.0% during the fourth quarter, according to its most recent disclosure with the Securities and Exchange… [+5055 chars]",,,
ETF Daily News,MarketBeat News,Allen Capital Group LLC Has $23.46 Million Position in Apple Inc. (NASDAQ:AAPL),"Allen Capital Group LLC grew its stake in Apple Inc. (NASDAQ:AAPL – Free Report) by 3.7% in the 4th quarter, Holdings Channel reports. The institutional investor owned 93,662 shares of the iPhone maker’s stock after buying an additional 3,346 shares during th…",https://www.etfdailynews.com/2025/03/25/allen-capital-group-llc-has-23-46-million-position-in-apple-inc-nasdaqaapl/,2025-03-25T07:11:00Z,"Allen Capital Group LLC grew its stake in Apple Inc. (NASDAQ:AAPL – Free Report) by 3.7% in the 4th quarter, Holdings Channel reports. The institutional investor owned 93,662 shares of the iPhone mak… [+4989 chars]",,,
ETF Daily News,MarketBeat News,Apple Inc. (NASDAQ:AAPL) Shares Acquired by Invesco LLC,"Invesco LLC grew its stake in shares of Apple Inc. (NASDAQ:AAPL – Free Report) by 0.3% during the fourth quarter, according to its most recent filing with the Securities and Exchange Commission. The institutional investor owned 53,410 shares of the iPhone mak…",https://www.etfdailynews.com/2025/03/25/apple-inc-nasdaqaapl-shares-acquired-by-invesco-llc/,2025-03-25T07:11:00Z,"Invesco LLC grew its stake in shares of Apple Inc. (NASDAQ:AAPL – Free Report) by 0.3% during the fourth quarter, according to its most recent filing with the Securities and Exchange Commission. The … [+5095 chars]",,,
ETF Daily News,MarketBeat News,Apple Inc. (NASDAQ:AAPL) Stock Holdings Lessened by Prentiss Smith & Co. Inc.,"Prentiss Smith & Co. Inc. lowered its stake in Apple Inc. (NASDAQ:AAPL – Free Report) by 2.3% during the fourth quarter, HoldingsChannel reports. The firm owned 7,009 shares of the iPhone maker’s stock after selling 165 shares during the period. Apple account…",https://www.etfdailynews.com/2025/03/25/apple-inc-nasdaqaapl-stock-holdings-lessened-by-prentiss-smith-co-inc/,2025-03-25T07:11:00Z,"Prentiss Smith &amp; Co. Inc. lowered its stake in Apple Inc. (NASDAQ:AAPL – Free Report) by 2.3% during the fourth quarter, HoldingsChannel reports. The firm owned 7,009 shares of the iPhone maker’s… [+4989 chars]",,,
ETF Daily News,MarketBeat News,"Forsta AP Fonden Purchases 160,800 Shares of Apple Inc. (NASDAQ:AAPL)","Forsta AP Fonden grew its stake in shares of Apple Inc. (NASDAQ:AAPL – Free Report) by 4.1% during the fourth quarter, according to the company in its most recent disclosure with the SEC. The fund owned 4,070,900 shares of the iPhone maker’s stock after buyin…",https://www.etfdailynews.com/2025/03/25/forsta-ap-fonden-purchases-160800-shares-of-apple-inc-nasdaqaapl/,2025-03-25T07:10:59Z,"Forsta AP Fonden grew its stake in shares of Apple Inc. (NASDAQ:AAPL – Free Report) by 4.1% during the fourth quarter, according to the company in its most recent disclosure with the SEC. The fund ow… [+4729 chars]",,,
ETF Daily News,MarketBeat News,USAdvisors Wealth Management LLC Sells 339 Shares of Apple Inc. (NASDAQ:AAPL),"USAdvisors Wealth Management LLC lowered its stake in Apple Inc. (NASDAQ:AAPL – Free Report) by 8.2% during the fourth quarter, according to the company in its most recent Form 13F filing with the SEC. The institutional investor owned 3,793 shares of the iPho…",https://www.etfdailynews.com/2025/03/25/usadvisors-wealth-management-llc-sells-339-shares-of-apple-inc-nasdaqaapl/,2025-03-25T07:10:59Z,"USAdvisors Wealth Management LLC lowered its stake in Apple Inc. (NASDAQ:AAPL – Free Report) by 8.2% during the fourth quarter, according to the company in its most recent Form 13F filing with the SE… [+5056 chars]",,,
ETF Daily News,MarketBeat News,Apple Inc. (NASDAQ:AAPL) Holdings Lifted by Smith Group Asset Management LLC,"Smith Group Asset Management LLC lifted its position in shares of Apple Inc. (NASDAQ:AAPL – Free Report) by 0.6% in the fourth quarter, HoldingsChannel.com reports. The institutional investor owned 249,880 shares of the iPhone maker’s stock after buying an ad…",https://www.etfdailynews.com/2025/03/25/apple-inc-nasdaqaapl-holdings-lifted-by-smith-group-asset-management-llc/,2025-03-25T07:10:59Z,"Smith Group Asset Management LLC lifted its position in shares of Apple Inc. (NASDAQ:AAPL – Free Report) by 0.6% in the fourth quarter, HoldingsChannel.com reports. The institutional investor owned 2… [+4926 chars]",,,
ETF Daily News,MarketBeat News,HT Partners LLC Decreases Holdings in Apple Inc. (NASDAQ:AAPL),"HT Partners LLC reduced its stake in Apple Inc. (NASDAQ:AAPL – Free Report) by 3.9% during the fourth quarter, according to its most recent filing with the SEC. The fund owned 9,939 shares of the iPhone maker’s stock after selling 404 shares during the quarte…",https://www.etfdailynews.com/2025/03/25/ht-partners-llc-decreases-holdings-in-apple-inc-nasdaqaapl/,2025-03-25T07:10:59Z,"HT Partners LLC reduced its stake in Apple Inc. (NASDAQ:AAPL – Free Report) by 3.9% during the fourth quarter, according to its most recent filing with the SEC. The fund owned 9,939 shares of the iPh… [+4409 chars]",,,
ETF Daily News,MarketBeat News,Apple Inc. (NASDAQ:AAPL) Stake Lessened by Diversified Investment Strategies LLC,"Diversified Investment Strategies LLC decreased its holdings in shares of Apple Inc. (NASDAQ:AAPL – Free Report) by 3.1% during the fourth quarter, according to its most recent Form 13F filing with the Securities and Exchange Commission. The institutional inv…",https://www.etfdailynews.com/2025/03/25/apple-inc-nasdaqaapl-stake-lessened-by-diversified-investment-strategies-llc/,2025-03-25T07:10:56Z,"Diversified Investment Strategies LLC decreased its holdings in shares of Apple Inc. (NASDAQ:AAPL – Free Report) by 3.1% during the fourth quarter, according to its most recent Form 13F filing with t… [+5056 chars]",,,
ETF Daily News,MarketBeat News,"Montrusco Bolton Investments Inc. Sells 28,695 Shares of Apple Inc. (NASDAQ:AAPL)","Montrusco Bolton Investments Inc. trimmed its holdings in shares of Apple Inc. (NASDAQ:AAPL – Free Report) by 3.0% in the fourth quarter, HoldingsChannel reports. The institutional investor owned 941,021 shares of the iPhone maker’s stock after selling 28,695…",https://www.etfdailynews.com/2025/03/25/montrusco-bolton-investments-inc-sells-28695-shares-of-apple-inc-nasdaqaapl/,2025-03-25T07:10:55Z,"Montrusco Bolton Investments Inc. trimmed its holdings in shares of Apple Inc. (NASDAQ:AAPL – Free Report) by 3.0% in the fourth quarter, HoldingsChannel reports. The institutional investor owned 941… [+5019 chars]",,,
ETF Daily News,MarketBeat News,Retail Stocks To Add to Your Watchlist – March 23rd,"Tesla, Apple, Microsoft, Amazon.com, and Pfizer are the five Retail stocks to watch today, according to MarketBeat’s stock screener tool. Retail stocks refer to shares of companies engaged in selling consumer goods and services directly to the public through …",https://www.etfdailynews.com/2025/03/25/retail-stocks-to-add-to-your-watchlist-march-23rd/,2025-03-25T06:09:02Z,"Tesla, Apple, Microsoft, Amazon.com, and Pfizer are the five Retail stocks to watch today, according to MarketBeat’s stock screener tool. Retail stocks refer to shares of companies engaged in selling… [+5940 chars]",,,
Motley Fool Australia,James Mickleboro,3 amazing ASX ETFs for beginner investors to buy and hold,"Starting your investment journey? Check out these top options.
The post 3 amazing ASX ETFs for beginner investors to buy and hold appeared first on The Motley Fool Australia.",https://www.fool.com.au/2025/03/25/3-amazing-asx-etfs-for-beginner-investors-to-buy-and-hold/,2025-03-24T22:02:43Z,"Starting your investment journey can feel overwhelming, but exchange-traded funds (ETFs) make it easier.
Rather than picking individual stocks, ASX ETFs allow you to own a diversified portfolio of c… [+4320 chars]",,,
Quartz India,Josh Fellman,Dow jumps 598 points as Trump eases off on tariff plans,"Stocks surged on Monday as Donald Trump said he may scale back tariffs set to be unveiled on April. 2. The Nasdaq Composite index gained 2.3%, as all Magnificent 7 stocks surged, the S&P 500 gained 1.8%, and the Dow Jones industrial average gained 1.4%, or al…",https://qz.com/stocks-surge-trump-tariffs-trade-war-byd-tesla-1851772012,2025-03-24T21:00:00Z,"In This Story
Stocks surged on Monday as Donald Trump said he may scale back tariffs set to be unveiled on April. 2. The Nasdaq Composite index gained 2.3%, as all Magnificent 7 stocks surged, the S… [+2205 chars]",,,
Applech2.com,applech2,Apple、開発者向けに「macOS 15.4 Sequoia」や「iOS 18.4」、「visionOS 2.4」、「Xcode 16.3」などのRC版を公開。,"Appleが開発者向けに「macOS 15.4 Sequoia」や「iOS 18.4」、「visionOS 2.4」、「Xcode 16.3」のRC版を公開しています。詳細は以下から。 　Appleは現地時間2025年 […]
The post Apple、開発者向けに「macOS 15.4 Sequoia」や「iOS 18.4」、「visionOS 2.4」、「Xcode 16.3」などのRC版を公開。 first appeared on AAPL Ch..",https://applech2.com/archives/20250325-macos-15-4-sequoia-and-ios-18-4-rc.html,2025-03-24T20:07:46Z,"ApplemacOS 15.4 SequoiaiOS 18.4visionOS 2.4Xcode 16.3RC
Apple20250324macOS Sequoia 15.4iOS 18.4iPadOS 18.4iPadOS 17.7.6visionOS 2.4watchOS 11.4tvOS 18.4Xcode 16.3RC
<ul><li>Xcode 16.3 RC (16E137)</… [+502 chars]",,,
Yahoo Entertainment,Unknown,Was Jim Cramer Right About Apple Inc. (AAPL)?,,https://consent.yahoo.com/v2/collectConsent?sessionId=1_cc-session_069e1267-8e3c-45e1-a32e-e0e10cd414e7,2025-03-24T18:28:44Z,"If you click 'Accept all', we and our partners, including 239 who are part of the IAB Transparency &amp; Consent Framework, will also store and/or access information on a device (in other words, use … [+702 chars]",,,
Quartz India,Britney Nguyen,Apple is investing another $99 million in renewable energy in China,Apple (AAPL) announced a new investment fund in China that will support its plans to transition to a 100% renewable energy supply chain by the end of the decade.Read more...,https://qz.com/apple-invest-99-million-renewable-energy-china-supply-1851771902,2025-03-24T15:47:00Z,"In This Story
Apple (AAPL+0.34%
) announced a new investment fund in China that will support its plans to transition to a 100% renewable energy supply chain by the end of the decade.
The company s… [+1567 chars]",,,
Biztoc.com,benzinga.com,"In-Depth Analysis: Apple Versus Competitors In Technology Hardware, Storage & Peripherals Industry","In today's rapidly changing and highly competitive business world, it is imperative for investors and industry observers to carefully assess companies before making investment choices. In this article, we will undertake a comprehensive industry comparison, ev…",https://biztoc.com/x/85584c45ec35ab35,2025-03-24T15:08:09Z,"In today's rapidly changing and highly competitive business world, it is imperative for investors and industry observers to carefully assess companies before making investment choices. In this articl… [+147 chars]",,,
Quartz India,Britney Nguyen,Magnificent 7 stocks rise as Trump may narrow on tariffs,Magnificent 7 stocks rose during Monday morning trading after reports that the Trump administration is considering excluding some tariffs that are set to go into place on April 2.Read more...,https://qz.com/magnificent-seven-stocks-rise-trump-reciprocal-tariffs-1851771876,2025-03-24T13:57:00Z,"In This Story
Magnificent 7 stocks rose during Monday morning trading after reports that the Trump administration is considering excluding some tariffs that are set to go into place on April 2.
Mic… [+1916 chars]",,,
Quartz India,William Gavin,Hyundai reportedly plans to invest $20 billion in the U.S. as tariffs loom,"Hyundai Motor Group (HYMTF), the South Korean conglomerate that also owns the Kia and Genesis brands, reportedly plans to announce a $20 billion investment in the U.S. as tariffs loom.Read more...",https://qz.com/hyundai-invest-trump-tariff-lousiana-steel-evs-ioniq-1851771853,2025-03-24T13:45:00Z,"In This Story
Hyundai Motor Group (HYMTF+2.19%
), the South Korean conglomerate that also owns the Kia and Genesis brands, reportedly plans to announce a $20 billion investment in the U.S. as tarif… [+2445 chars]",,,
CNBC,Unknown,What's hot in ETFs? Bond funds are in demand as investors flee the Nasdaq 'QQQ',"There have been strong inflows into fixed income, especially ultrashort funds. Precious metal funds have seen surprisingly light inflows.",https://www.cnbc.com/2025/03/24/etf-conference-draws-2000-managers-and-advisors-to-air-latest-trends.html,2025-03-24T13:22:44Z,"About 2,000 asset managers and investment advisors are here at the Exchange ETF conference in Las Vegas.  
A small ETF crowd arrived Saturday night to see Dead &amp; Co. at the Sphere, who put on an… [+7850 chars]",,,
Biztoc.com,thestreet.com,Analysts revisit Apple stock price targets as Cook courts Beijing,"Apple shares moved higher in early Monday trading, matching an upside move for U.S. stocks tied to tariff relief bets, but likely face serious headwinds over the coming months following its fumbled AI strategy.
Apple (AAPL) remains firmly in correction territ…",https://biztoc.com/x/4b1f43b8cbb600bb,2025-03-24T12:04:49Z,"Apple shares moved higher in early Monday trading, matching an upside move for U.S. stocks tied to tariff relief bets, but likely face serious headwinds over the coming months following its fumbled A… [+142 chars]",,,
Biztoc.com,finance.yahoo.com,Apple Stock Has a Growth Problem. Is It Really Worth Its Premium Valuation?,"In This Article:
The stock market often rewards companies it believes have strong future growth potential with premium valuations. In the case of Apple (NASDAQ: AAPL), investors have bid up shares to roughly 35 times earnings -- a level that implies big growt…",https://biztoc.com/x/737d80cf7d9b0863,2025-03-24T09:17:18Z,"In This Article:The stock market often rewards companies it believes have strong future growth potential with premium valuations. In the case of Apple (NASDAQ: AAPL), investors have bid up shares to … [+145 chars]",,,
ETF Daily News,MarketBeat News,Top Music Stocks To Consider – March 22nd,"Apple, Amazon.com, Alibaba Group, Spotify Technology, and Walt Disney are the five Music stocks to watch today, according to MarketBeat’s stock screener tool. Music stocks refer to publicly traded shares of companies involved in various aspects of the music i…",https://www.etfdailynews.com/2025/03/24/top-music-stocks-to-consider-march-22nd/,2025-03-24T09:08:52Z,"Apple, Amazon.com, Alibaba Group, Spotify Technology, and Walt Disney are the five Music stocks to watch today, according to MarketBeat’s stock screener tool. Music stocks refer to publicly traded sh… [+5813 chars]",,,
ETF Daily News,MarketBeat News,Apple Inc. (NASDAQ:AAPL) Holdings Boosted by Robeco Institutional Asset Management B.V.,"Robeco Institutional Asset Management B.V. lifted its stake in shares of Apple Inc. (NASDAQ:AAPL – Free Report) by 4.7% in the fourth quarter, Holdings Channel reports. The firm owned 12,442,651 shares of the iPhone maker’s stock after buying an additional 56…",https://www.etfdailynews.com/2025/03/24/apple-inc-nasdaqaapl-holdings-boosted-by-robeco-institutional-asset-management-b-v/,2025-03-24T08:11:02Z,"Robeco Institutional Asset Management B.V. lifted its stake in shares of Apple Inc. (NASDAQ:AAPL – Free Report) by 4.7% in the fourth quarter, Holdings Channel reports. The firm owned 12,442,651 shar… [+5007 chars]",,,
ETF Daily News,MarketBeat News,"6,583 Shares in Apple Inc. (NASDAQ:AAPL) Bought by Verus Wealth Management LLC","Verus Wealth Management LLC purchased a new stake in shares of Apple Inc. (NASDAQ:AAPL – Free Report) in the 4th quarter, according to the company in its most recent Form 13F filing with the Securities & Exchange Commission. The fund purchased 6,583 shares of…",https://www.etfdailynews.com/2025/03/24/6583-shares-in-apple-inc-nasdaqaapl-bought-by-verus-wealth-management-llc/,2025-03-24T07:39:02Z,"Verus Wealth Management LLC purchased a new stake in shares of Apple Inc. (NASDAQ:AAPL – Free Report) in the 4th quarter, according to the company in its most recent Form 13F filing with the Securiti… [+5035 chars]",,,
ETF Daily News,MarketBeat News,Foster Group Inc. Grows Stock Holdings in Apple Inc. (NASDAQ:AAPL),"Foster Group Inc. increased its position in shares of Apple Inc. (NASDAQ:AAPL – Free Report) by 0.6% in the 4th quarter, according to the company in its most recent 13F filing with the Securities & Exchange Commission. The institutional investor owned 139,105…",https://www.etfdailynews.com/2025/03/24/foster-group-inc-grows-stock-holdings-in-apple-inc-nasdaqaapl/,2025-03-24T07:38:59Z,"Foster Group Inc. increased its position in shares of Apple Inc. (NASDAQ:AAPL – Free Report) by 0.6% in the 4th quarter, according to the company in its most recent 13F filing with the Securities &am… [+5156 chars]",,,
ETF Daily News,MarketBeat News,Capital Investment Counsel LLC Decreases Holdings in Apple Inc. (NASDAQ:AAPL),"Capital Investment Counsel LLC lowered its position in shares of Apple Inc. (NASDAQ:AAPL – Free Report) by 1.2% in the fourth quarter, according to the company in its most recent disclosure with the Securities & Exchange Commission. The fund owned 72,682 shar…",https://www.etfdailynews.com/2025/03/24/capital-investment-counsel-llc-decreases-holdings-in-apple-inc-nasdaqaapl/,2025-03-24T07:38:59Z,"Capital Investment Counsel LLC lowered its position in shares of Apple Inc. (NASDAQ:AAPL – Free Report) by 1.2% in the fourth quarter, according to the company in its most recent disclosure with the … [+5106 chars]",,,
ETF Daily News,MarketBeat News,Dixon Fnancial Services Inc. Has $4.24 Million Holdings in Apple Inc. (NASDAQ:AAPL),"Dixon Fnancial Services Inc. decreased its position in Apple Inc. (NASDAQ:AAPL – Free Report) by 0.3% during the fourth quarter, according to the company in its most recent disclosure with the SEC. The firm owned 16,911 shares of the iPhone maker’s stock afte…",https://www.etfdailynews.com/2025/03/24/dixon-fnancial-services-inc-has-4-24-million-holdings-in-apple-inc-nasdaqaapl/,2025-03-24T07:38:57Z,"Dixon Fnancial Services Inc. decreased its position in Apple Inc. (NASDAQ:AAPL – Free Report) by 0.3% during the fourth quarter, according to the company in its most recent disclosure with the SEC. T… [+5233 chars]",,,
ETF Daily News,MarketBeat News,Apple Inc. (NASDAQ:AAPL) Shares Bought by Gateway Wealth Partners LLC,"Gateway Wealth Partners LLC raised its position in shares of Apple Inc. (NASDAQ:AAPL – Free Report) by 5.1% during the 4th quarter, Holdings Channel reports. The firm owned 34,980 shares of the iPhone maker’s stock after buying an additional 1,687 shares duri…",https://www.etfdailynews.com/2025/03/24/apple-inc-nasdaqaapl-shares-bought-by-gateway-wealth-partners-llc/,2025-03-24T07:38:57Z,"Gateway Wealth Partners LLC raised its position in shares of Apple Inc. (NASDAQ:AAPL – Free Report) by 5.1% during the 4th quarter, Holdings Channel reports. The firm owned 34,980 shares of the iPhon… [+5134 chars]",,,
ETF Daily News,MarketBeat News,Apple Inc. (NASDAQ:AAPL) is Genesee Capital Advisors LLC’s 3rd Largest Position,"Genesee Capital Advisors LLC lowered its position in shares of Apple Inc. (NASDAQ:AAPL – Free Report) by 1.0% during the 4th quarter, according to the company in its most recent disclosure with the Securities and Exchange Commission. The firm owned 41,739 sha…",https://www.etfdailynews.com/2025/03/24/apple-inc-nasdaqaapl-is-genesee-capital-advisors-llcs-3rd-largest-position/,2025-03-24T07:38:53Z,"Genesee Capital Advisors LLC lowered its position in shares of Apple Inc. (NASDAQ:AAPL – Free Report) by 1.0% during the 4th quarter, according to the company in its most recent disclosure with the S… [+5270 chars]",,,
ETF Daily News,MarketBeat News,"Planning Center Inc. Acquires 5,916 Shares of Apple Inc. (NASDAQ:AAPL)","Planning Center Inc. boosted its holdings in shares of Apple Inc. (NASDAQ:AAPL – Free Report) by 16.5% in the 4th quarter, according to its most recent Form 13F filing with the Securities and Exchange Commission. The firm owned 41,725 shares of the iPhone mak…",https://www.etfdailynews.com/2025/03/24/planning-center-inc-acquires-5916-shares-of-apple-inc-nasdaqaapl/,2025-03-24T07:38:53Z,"Planning Center Inc. boosted its holdings in shares of Apple Inc. (NASDAQ:AAPL – Free Report) by 16.5% in the 4th quarter, according to its most recent Form 13F filing with the Securities and Exchang… [+5274 chars]",,,
ETF Daily News,MarketBeat News,Orca Wealth Management LLC Makes New Investment in Apple Inc. (NASDAQ:AAPL),"Orca Wealth Management LLC purchased a new stake in Apple Inc. (NASDAQ:AAPL – Free Report) during the fourth quarter, Holdings Channel reports. The fund purchased 58,457 shares of the iPhone maker’s stock, valued at approximately $14,639,000. Apple comprises …",https://www.etfdailynews.com/2025/03/24/orca-wealth-management-llc-makes-new-investment-in-apple-inc-nasdaqaapl/,2025-03-24T07:38:50Z,"Orca Wealth Management LLC purchased a new stake in Apple Inc. (NASDAQ:AAPL – Free Report) during the fourth quarter, Holdings Channel reports. The fund purchased 58,457 shares of the iPhone maker’s … [+5081 chars]",,,
ETF Daily News,MarketBeat News,Analysts Set Apple Inc. (NASDAQ:AAPL) Price Target at $243.65,"Shares of Apple Inc. (NASDAQ:AAPL – Get Free Report) have received a consensus rating of “Moderate Buy” from the thirty-six ratings firms that are presently covering the company, MarketBeat reports. Four equities research analysts have rated the stock with a …",https://www.etfdailynews.com/2025/03/24/analysts-set-apple-inc-nasdaqaapl-price-target-at-243-65/,2025-03-24T06:54:56Z,"Shares of Apple Inc. (NASDAQ:AAPL – Get Free Report) have received a consensus rating of “Moderate Buy” from the thirty-six ratings firms that are presently covering the company, MarketBeat reports. … [+4394 chars]",,,
ETF Daily News,MarketBeat News,Technology Stocks To Add to Your Watchlist – March 22nd,"NVIDIA, Apple, and Microsoft are the three Technology stocks to watch today, according to MarketBeat’s stock screener tool. Technology stocks are shares issued by companies that focus primarily on developing, manufacturing, or distributing technology products…",https://www.etfdailynews.com/2025/03/24/technology-stocks-to-add-to-your-watchlist-march-22nd/,2025-03-24T06:06:43Z,"NVIDIA, Apple, and Microsoft are the three Technology stocks to watch today, according to MarketBeat’s stock screener tool. Technology stocks are shares issued by companies that focus primarily on de… [+3726 chars]",,,
Motley Fool Australia,Laura Stewart,Still bullish on Nvidia but want to hedge your bets?,"Nvidia’s GTC Conference has given investors a lot to think about.
The post Still bullish on Nvidia but want to hedge your bets? appeared first on The Motley Fool Australia.",https://www.fool.com.au/2025/03/24/still-bullish-on-nvidia-but-want-to-hedge-your-bets/,2025-03-23T23:52:16Z,"Enthusiasm for Nvidia Corporation (NASDAQ: NVDA) has exploded in recent years. 
With the chip giant up more than 2,000% in the past 5 years, it's hard to argue it's been anything but a success story… [+3883 chars]",,,
Motley Fool Australia,James Mickleboro,Invest like Warren Buffett with this ASX ETF,"Want to invest like the Oracle of Omaha? Check out this fund.
The post Invest like Warren Buffett with this ASX ETF appeared first on The Motley Fool Australia.",https://www.fool.com.au/2025/03/24/invest-like-warren-buffett-with-this-asx-etf-2/,2025-03-23T20:50:41Z,"Warren Buffett has built his fortune by investing in high-quality businesses with strong competitive advantages, reliable earnings, and disciplined management.
While replicating the Oracle of Omaha'… [+3166 chars]",,,
Applech2.com,applech2,Apple M3 UltraのXcodeベンチマークスコアは16コアCPUのM4 Maxを上回り、Apple Silicon史上最速に。,"Apple M3 UltraのXcodeベンチマークスコアは16コアCPUのM4 Maxを上回り、Apple Silicon史上最速なるようです。詳細は以下から。 　Appleは2025年03月、MacBook Pro […]
The post Apple M3 UltraのXcodeベンチマークスコアは16コアCPUのM4 Maxを上回り、Apple Silicon史上最速に。 first appeared on AAPL Ch..",https://applech2.com/archives/20250323-m3-ultra-mac-studio-xcode-benchmark.html,2025-03-23T11:51:42Z,"Apple M3 UltraXcode16CPUM4 MaxApple Silicon
Apple202503MacBook Pro (2024)M4 MaxUltraFusionM3 Max2M3 UltraMac Studio (2025)M3 UltraXcodeXcodeBenchmark
Apple M4 MaxM3 Ultra
XcodeBenchmark (M3 Ultra)… [+453 chars]",,,
Forbes,"Bill Stone, Contributor, 
 Bill Stone, Contributor
 https://www.forbes.com/sites/bill_stone/",Five Critical Indicators To Gauge Recession Risk,Avoiding a recession has led to better returns after a stock correction. Monitoring these indicators can help provide an early warning about increased recession risks.,https://www.forbes.com/sites/bill_stone/2025/03/23/five-critical-indicators-to-gauge-recession-risk/,2025-03-23T11:00:00Z,The decline in stock prices combined with plunging consumer sentiment and uncertainty surrounding ... More tariffs has uncreased uncertainty about future economic growth. Since stock prices ultimatel… [+9402 chars],,,
Quartz India,Bruce Gil,The 15 most expensive streaming series ever made,"Netflix (NFLX), originally a DVD rental service, sparked the streaming revolution when it launched its video streaming service in 2007. Nearly two decades later, it faces fierce competition from major media giants like Disney (DIS), Apple (AAPL), and Amazon P…",https://qz.com/netflix-amazon-prime-apple-streaming-series-expensive-1851770551,2025-03-23T09:00:00Z,"Netflix (NFLX), originally a DVD rental service, sparked the streaming revolution when it launched its video streaming service in 2007. Nearly two decades later, it faces fierce competition from majo… [+262 chars]",,,
ETF Daily News,MarketBeat News,Investment Planning Advisors Inc. Sells 62 Shares of Apple Inc. (NASDAQ:AAPL),"Investment Planning Advisors Inc. trimmed its position in Apple Inc. (NASDAQ:AAPL – Free Report) by 2.1% in the 4th quarter, Holdings Channel.com reports. The institutional investor owned 2,923 shares of the iPhone maker’s stock after selling 62 shares during…",https://www.etfdailynews.com/2025/03/23/investment-planning-advisors-inc-sells-62-shares-of-apple-inc-nasdaqaapl/,2025-03-23T08:21:02Z,"Investment Planning Advisors Inc. trimmed its position in Apple Inc. (NASDAQ:AAPL – Free Report) by 2.1% in the 4th quarter, Holdings Channel.com reports. The institutional investor owned 2,923 share… [+4593 chars]",,,
ETF Daily News,MarketBeat News,Stonegate Investment Group LLC Has $251.09 Million Stock Holdings in Apple Inc. (NASDAQ:AAPL),"Stonegate Investment Group LLC trimmed its position in Apple Inc. (NASDAQ:AAPL – Free Report) by 2.9% in the 4th quarter, according to the company in its most recent disclosure with the Securities & Exchange Commission. The institutional investor owned 1,002,…",https://www.etfdailynews.com/2025/03/23/stonegate-investment-group-llc-has-251-09-million-stock-holdings-in-apple-inc-nasdaqaapl/,2025-03-23T08:20:53Z,"Stonegate Investment Group LLC trimmed its position in Apple Inc. (NASDAQ:AAPL – Free Report) by 2.9% in the 4th quarter, according to the company in its most recent disclosure with the Securities &a… [+4622 chars]",,,
ETF Daily News,MarketBeat News,Spectrum Planning & Advisory Services Inc. Boosts Stake in Apple Inc. (NASDAQ:AAPL),"Spectrum Planning & Advisory Services Inc. lifted its holdings in shares of Apple Inc. (NASDAQ:AAPL – Free Report) by 25.3% during the 4th quarter, according to its most recent 13F filing with the Securities and Exchange Commission. The institutional investor…",https://www.etfdailynews.com/2025/03/23/spectrum-planning-advisory-services-inc-boosts-stake-in-apple-inc-nasdaqaapl/,2025-03-23T08:20:49Z,"Spectrum Planning &amp; Advisory Services Inc. lifted its holdings in shares of Apple Inc. (NASDAQ:AAPL – Free Report) by 25.3% during the 4th quarter, according to its most recent 13F filing with th… [+5040 chars]",,,
ETF Daily News,MarketBeat News,Apple (NASDAQ:AAPL) Stock Price Up 0.2% – Should You Buy?,"Apple Inc. (NASDAQ:AAPL – Get Free Report) traded up 0.2% during mid-day trading on Friday . The stock traded as high as $214.42 and last traded at $214.61. 23,087,215 shares traded hands during mid-day trading, a decline of 56% from the average session volum…",https://www.etfdailynews.com/2025/03/23/apple-nasdaqaapl-stock-price-up-0-2-should-you-buy/,2025-03-23T07:34:50Z,"Apple Inc. (NASDAQ:AAPL – Get Free Report) traded up 0.2% during mid-day trading on Friday . The stock traded as high as $214.42 and last traded at $214.61. 23,087,215 shares traded hands during mid-… [+4041 chars]",,,
ETF Daily News,MarketBeat News,Pacific Capital Wealth Advisors Inc. Lowers Stake in Apple Inc. (NASDAQ:AAPL),"Pacific Capital Wealth Advisors Inc. trimmed its position in Apple Inc. (NASDAQ:AAPL – Free Report) by 0.2% during the fourth quarter, according to the company in its most recent 13F filing with the Securities and Exchange Commission (SEC). The firm owned 38,…",https://www.etfdailynews.com/2025/03/23/pacific-capital-wealth-advisors-inc-lowers-stake-in-apple-inc-nasdaqaapl/,2025-03-23T07:00:47Z,"Pacific Capital Wealth Advisors Inc. trimmed its position in Apple Inc. (NASDAQ:AAPL – Free Report) by 0.2% during the fourth quarter, according to the company in its most recent 13F filing with the … [+4656 chars]",,,
ETF Daily News,MarketBeat News,Apple Inc. (NASDAQ:AAPL) Shares Bought by Matrix Asset Advisors Inc. NY,"Matrix Asset Advisors Inc. NY boosted its position in shares of Apple Inc. (NASDAQ:AAPL – Free Report) by 1.5% in the 4th quarter, according to its most recent filing with the Securities & Exchange Commission. The institutional investor owned 142,768 shares o…",https://www.etfdailynews.com/2025/03/23/apple-inc-nasdaqaapl-shares-bought-by-matrix-asset-advisors-inc-ny/,2025-03-23T07:00:46Z,"Matrix Asset Advisors Inc. NY boosted its position in shares of Apple Inc. (NASDAQ:AAPL – Free Report) by 1.5% in the 4th quarter, according to its most recent filing with the Securities &amp; Exchan… [+5162 chars]",,,
ETF Daily News,MarketBeat News,Fortress Wealth Management Inc. Sells 121 Shares of Apple Inc. (NASDAQ:AAPL),"Fortress Wealth Management Inc. lessened its holdings in shares of Apple Inc. (NASDAQ:AAPL – Free Report) by 1.0% during the 4th quarter, according to its most recent filing with the Securities and Exchange Commission. The firm owned 12,540 shares of the iPho…",https://www.etfdailynews.com/2025/03/23/fortress-wealth-management-inc-sells-121-shares-of-apple-inc-nasdaqaapl/,2025-03-23T07:00:46Z,"Fortress Wealth Management Inc. lessened its holdings in shares of Apple Inc. (NASDAQ:AAPL – Free Report) by 1.0% during the 4th quarter, according to its most recent filing with the Securities and E… [+5156 chars]",,,
ETF Daily News,MarketBeat News,Apple Inc. (NASDAQ:AAPL) is Prospect Financial Services LLC’s 2nd Largest Position,"Prospect Financial Services LLC decreased its holdings in Apple Inc. (NASDAQ:AAPL – Free Report) by 0.1% in the 4th quarter, Holdings Channel reports. The institutional investor owned 54,476 shares of the iPhone maker’s stock after selling 48 shares during th…",https://www.etfdailynews.com/2025/03/23/apple-inc-nasdaqaapl-is-prospect-financial-services-llcs-2nd-largest-position/,2025-03-23T07:00:46Z,"Prospect Financial Services LLC decreased its holdings in Apple Inc. (NASDAQ:AAPL – Free Report) by 0.1% in the 4th quarter, Holdings Channel reports. The institutional investor owned 54,476 shares o… [+5164 chars]",,,
ETF Daily News,MarketBeat News,Apple Inc. (NASDAQ:AAPL) Shares Sold by Axiom Financial Strategies LLC,"Axiom Financial Strategies LLC decreased its holdings in shares of Apple Inc. (NASDAQ:AAPL – Free Report) by 10.9% during the 4th quarter, according to its most recent 13F filing with the Securities and Exchange Commission. The institutional investor owned 3,…",https://www.etfdailynews.com/2025/03/23/apple-inc-nasdaqaapl-shares-sold-by-axiom-financial-strategies-llc/,2025-03-23T07:00:45Z,"Axiom Financial Strategies LLC decreased its holdings in shares of Apple Inc. (NASDAQ:AAPL – Free Report) by 10.9% during the 4th quarter, according to its most recent 13F filing with the Securities … [+5127 chars]",,,
ETF Daily News,MarketBeat News,Apple Inc. (NASDAQ:AAPL) Stock Holdings Cut by Patrick M Sweeney & Associates Inc.,"Patrick M Sweeney & Associates Inc. lowered its holdings in shares of Apple Inc. (NASDAQ:AAPL – Free Report) by 1.2% in the 4th quarter, according to its most recent 13F filing with the Securities & Exchange Commission. The fund owned 37,634 shares of the iPh…",https://www.etfdailynews.com/2025/03/23/apple-inc-nasdaqaapl-stock-holdings-cut-by-patrick-m-sweeney-associates-inc/,2025-03-23T07:00:45Z,"Patrick M Sweeney &amp; Associates Inc. lowered its holdings in shares of Apple Inc. (NASDAQ:AAPL – Free Report) by 1.2% in the 4th quarter, according to its most recent 13F filing with the Securitie… [+4671 chars]",,,
ETF Daily News,MarketBeat News,Apple Inc. (NASDAQ:AAPL) Shares Acquired by VCI Wealth Management LLC,"VCI Wealth Management LLC boosted its position in Apple Inc. (NASDAQ:AAPL – Free Report) by 5.5% in the fourth quarter, Holdings Channel.com reports. The firm owned 45,729 shares of the iPhone maker’s stock after purchasing an additional 2,394 shares during t…",https://www.etfdailynews.com/2025/03/23/apple-inc-nasdaqaapl-shares-acquired-by-vci-wealth-management-llc/,2025-03-23T07:00:45Z,"VCI Wealth Management LLC boosted its position in Apple Inc. (NASDAQ:AAPL – Free Report) by 5.5% in the fourth quarter, Holdings Channel.com reports. The firm owned 45,729 shares of the iPhone maker’… [+5142 chars]",,,
ETF Daily News,MarketBeat News,KFA Private Wealth Group LLC Lowers Stake in Apple Inc. (NASDAQ:AAPL),"KFA Private Wealth Group LLC reduced its position in shares of Apple Inc. (NASDAQ:AAPL – Free Report) by 2.7% during the 4th quarter, HoldingsChannel reports. The fund owned 14,968 shares of the iPhone maker’s stock after selling 413 shares during the period.…",https://www.etfdailynews.com/2025/03/23/kfa-private-wealth-group-llc-lowers-stake-in-apple-inc-nasdaqaapl/,2025-03-23T07:00:45Z,"KFA Private Wealth Group LLC reduced its position in shares of Apple Inc. (NASDAQ:AAPL – Free Report) by 2.7% during the 4th quarter, HoldingsChannel reports. The fund owned 14,968 shares of the iPho… [+5157 chars]",,,
ETF Daily News,MarketBeat News,Jeppson Wealth Management LLC Has $24.86 Million Stake in Apple Inc. (NASDAQ:AAPL),"Jeppson Wealth Management LLC decreased its holdings in Apple Inc. (NASDAQ:AAPL – Free Report) by 0.6% during the 4th quarter, HoldingsChannel reports. The firm owned 99,288 shares of the iPhone maker’s stock after selling 593 shares during the quarter. Apple…",https://www.etfdailynews.com/2025/03/23/jeppson-wealth-management-llc-has-24-86-million-stake-in-apple-inc-nasdaqaapl/,2025-03-23T07:00:45Z,"Jeppson Wealth Management LLC decreased its holdings in Apple Inc. (NASDAQ:AAPL – Free Report) by 0.6% during the 4th quarter, HoldingsChannel reports. The firm owned 99,288 shares of the iPhone make… [+5046 chars]",,,
ETF Daily News,MarketBeat News,Apple Inc. (NASDAQ:AAPL) Shares Sold by Charter Oak Capital Management LLC,"Charter Oak Capital Management LLC trimmed its stake in shares of Apple Inc. (NASDAQ:AAPL – Free Report) by 2.0% during the fourth quarter, according to its most recent filing with the Securities and Exchange Commission. The firm owned 79,499 shares of the iP…",https://www.etfdailynews.com/2025/03/23/apple-inc-nasdaqaapl-shares-sold-by-charter-oak-capital-management-llc/,2025-03-23T07:00:45Z,"Charter Oak Capital Management LLC trimmed its stake in shares of Apple Inc. (NASDAQ:AAPL – Free Report) by 2.0% during the fourth quarter, according to its most recent filing with the Securities and… [+5170 chars]",,,
Yahoo Entertainment,Unknown,"Apple (AAPL) Poised for AI Boom Without Heavy GPU Investments, Says Evercore",,https://consent.yahoo.com/v2/collectConsent?sessionId=1_cc-session_e599ebcf-0420-4461-ac05-9d1f1ab09387,2025-03-22T16:33:23Z,"If you click 'Accept all', we and our partners, including 239 who are part of the IAB Transparency &amp; Consent Framework, will also store and/or access information on a device (in other words, use … [+702 chars]",,,
Realinvestmentadvice.com,Lance Roberts,Is The Correction Over?,"Inside This Week's Bull Bear Report


<ul><!-- wp:list-item -->

<li>Is The Correction Over?</li>




<li>How We Are Trading It</li>




<li>Research Report - Recession Risk Not As High As Believed</li>




<li>Youtube - Before The Bell</li>




<li>…",https://realinvestmentadvice.com/resources/blog/is-the-correction-over/,2025-03-22T09:49:22Z,<ul><li>Is The Correction Over?</li><li>How We Are Trading It</li><li>Research Report – Recession Risk Not As High As Believed</li><li>Youtube – Before The Bell</li><li>Market Statistics</li><li>Stoc… [+15330 chars],,,
ETF Daily News,MarketBeat News,Joseph P. Lucia & Associates LLC Has $10.82 Million Holdings in Apple Inc. (NASDAQ:AAPL),"Joseph P. Lucia & Associates LLC reduced its position in shares of Apple Inc. (NASDAQ:AAPL – Free Report) by 1.6% in the fourth quarter, Holdings Channel reports. The fund owned 43,207 shares of the iPhone maker’s stock after selling 690 shares during the qua…",https://www.etfdailynews.com/2025/03/22/joseph-p-lucia-associates-llc-has-10-82-million-holdings-in-apple-inc-nasdaqaapl/,2025-03-22T07:10:59Z,"Joseph P. Lucia &amp; Associates LLC reduced its position in shares of Apple Inc. (NASDAQ:AAPL – Free Report) by 1.6% in the fourth quarter, Holdings Channel reports. The fund owned 43,207 shares of … [+4545 chars]",,,
ETF Daily News,MarketBeat News,Greenup Street Wealth Management LLC Grows Position in Apple Inc. (NASDAQ:AAPL),"Greenup Street Wealth Management LLC boosted its holdings in Apple Inc. (NASDAQ:AAPL – Free Report) by 1.0% in the 4th quarter, according to its most recent disclosure with the Securities and Exchange Commission. The fund owned 29,036 shares of the iPhone mak…",https://www.etfdailynews.com/2025/03/22/greenup-street-wealth-management-llc-grows-position-in-apple-inc-nasdaqaapl/,2025-03-22T07:10:59Z,"Greenup Street Wealth Management LLC boosted its holdings in Apple Inc. (NASDAQ:AAPL – Free Report) by 1.0% in the 4th quarter, according to its most recent disclosure with the Securities and Exchang… [+5093 chars]",,,
ETF Daily News,MarketBeat News,Apple Inc. (NASDAQ:AAPL) Shares Sold by Level Financial Advisors,"Level Financial Advisors trimmed its stake in shares of Apple Inc. (NASDAQ:AAPL – Free Report) by 3.0% in the fourth quarter, Holdings Channel reports. The fund owned 8,982 shares of the iPhone maker’s stock after selling 281 shares during the period. Apple a…",https://www.etfdailynews.com/2025/03/22/apple-inc-nasdaqaapl-shares-sold-by-level-financial-advisors/,2025-03-22T07:10:59Z,"Level Financial Advisors trimmed its stake in shares of Apple Inc. (NASDAQ:AAPL – Free Report) by 3.0% in the fourth quarter, Holdings Channel reports. The fund owned 8,982 shares of the iPhone maker… [+5062 chars]",,,
ETF Daily News,MarketBeat News,Slow Capital Inc. Has $22.04 Million Position in Apple Inc. (NASDAQ:AAPL),"Slow Capital Inc. lowered its position in Apple Inc. (NASDAQ:AAPL – Free Report) by 3.7% in the fourth quarter, HoldingsChannel.com reports. The fund owned 88,014 shares of the iPhone maker’s stock after selling 3,339 shares during the quarter. Apple accounts…",https://www.etfdailynews.com/2025/03/22/slow-capital-inc-has-22-04-million-position-in-apple-inc-nasdaqaapl/,2025-03-22T07:10:58Z,"Slow Capital Inc. lowered its position in Apple Inc. (NASDAQ:AAPL – Free Report) by 3.7% in the fourth quarter, HoldingsChannel.com reports. The fund owned 88,014 shares of the iPhone maker’s stock a… [+5081 chars]",,,
ETF Daily News,MarketBeat News,Wealth Forward LLC Cuts Holdings in Apple Inc. (NASDAQ:AAPL),"Wealth Forward LLC decreased its stake in Apple Inc. (NASDAQ:AAPL – Free Report) by 1.7% during the 4th quarter, according to the company in its most recent disclosure with the SEC. The firm owned 12,364 shares of the iPhone maker’s stock after selling 219 sh…",https://www.etfdailynews.com/2025/03/22/wealth-forward-llc-cuts-holdings-in-apple-inc-nasdaqaapl/,2025-03-22T07:10:58Z,"Wealth Forward LLC decreased its stake in Apple Inc. (NASDAQ:AAPL – Free Report) by 1.7% during the 4th quarter, according to the company in its most recent disclosure with the SEC. The firm owned 12… [+4631 chars]",,,
ETF Daily News,MarketBeat News,Apple Inc. (NASDAQ:AAPL) Shares Purchased by Sound Stewardship LLC,"Sound Stewardship LLC grew its holdings in shares of Apple Inc. (NASDAQ:AAPL – Free Report) by 2.9% in the fourth quarter, Holdings Channel reports. The institutional investor owned 3,257 shares of the iPhone maker’s stock after purchasing an additional 91 sh…",https://www.etfdailynews.com/2025/03/22/apple-inc-nasdaqaapl-shares-purchased-by-sound-stewardship-llc/,2025-03-22T07:10:58Z,"Sound Stewardship LLC grew its holdings in shares of Apple Inc. (NASDAQ:AAPL – Free Report) by 2.9% in the fourth quarter, Holdings Channel reports. The institutional investor owned 3,257 shares of t… [+4767 chars]",,,
ETF Daily News,MarketBeat News,IRON Financial LLC Sells 133 Shares of Apple Inc. (NASDAQ:AAPL),"IRON Financial LLC trimmed its holdings in shares of Apple Inc. (NASDAQ:AAPL – Free Report) by 0.2% during the 4th quarter, HoldingsChannel reports. The institutional investor owned 65,170 shares of the iPhone maker’s stock after selling 133 shares during the…",https://www.etfdailynews.com/2025/03/22/iron-financial-llc-sells-133-shares-of-apple-inc-nasdaqaapl/,2025-03-22T07:10:58Z,"IRON Financial LLC trimmed its holdings in shares of Apple Inc. (NASDAQ:AAPL – Free Report) by 0.2% during the 4th quarter, HoldingsChannel reports. The institutional investor owned 65,170 shares of … [+5032 chars]",,,
ETF Daily News,MarketBeat News,Integrity Wealth Solutions LLC Trims Stake in Apple Inc. (NASDAQ:AAPL),"Integrity Wealth Solutions LLC cut its holdings in Apple Inc. (NASDAQ:AAPL – Free Report) by 6.3% in the fourth quarter, according to its most recent disclosure with the Securities and Exchange Commission (SEC). The institutional investor owned 15,522 shares …",https://www.etfdailynews.com/2025/03/22/integrity-wealth-solutions-llc-trims-stake-in-apple-inc-nasdaqaapl/,2025-03-22T07:10:55Z,"Integrity Wealth Solutions LLC cut its holdings in Apple Inc. (NASDAQ:AAPL – Free Report) by 6.3% in the fourth quarter, according to its most recent disclosure with the Securities and Exchange Commi… [+5052 chars]",,,
ETF Daily News,MarketBeat News,Apple Inc. (NASDAQ:AAPL) Shares Purchased by Buffington Mohr McNeal,"Buffington Mohr McNeal raised its stake in shares of Apple Inc. (NASDAQ:AAPL – Free Report) by 7.9% during the fourth quarter, according to the company in its most recent 13F filing with the SEC. The fund owned 61,320 shares of the iPhone maker’s stock after …",https://www.etfdailynews.com/2025/03/22/apple-inc-nasdaqaapl-shares-purchased-by-buffington-mohr-mcneal/,2025-03-22T07:10:52Z,"Buffington Mohr McNeal raised its stake in shares of Apple Inc. (NASDAQ:AAPL – Free Report) by 7.9% during the fourth quarter, according to the company in its most recent 13F filing with the SEC. The… [+5077 chars]",,,
Applech2.com,applech2,macOS 15 Sequoiaでの不具合を修正し、パフォーマンスを向上させた「Quicksilver v2.5.0」がリリース。,"macOS 15 Sequoiaでの不具合を修正し、パフォーマンスを向上させた「Quicksilver v2.5.0」がリリースされています。詳細は以下から。 　Blacktree Softwareは現地時間2025年 […]
The post macOS 15 Sequoiaでの不具合を修正し、パフォーマンスを向上させた「Quicksilver v2.5.0」がリリース。 first appeared on AAPL Ch..",https://applech2.com/archives/20250322-quicksilver-for-mac-v2-5-update.html,2025-03-22T04:58:47Z,"macOS 15 SequoiaQuicksilver v2.5.0
Blacktree Software202503212000MacQuicksilverQuicksilver v2.5
2003Nicholas JitkoffQuicksilver(Apache 2.0)Patrick RobertsonNathan HenrieQuicksilver v2.5macOS 15 Seq… [+439 chars]",,,
Github.com,2gremlin181,Show HN: Fast Travel – Supercharge your search bar,"Hi HN!Ever feel like traditional bangs (!commands) just aren't powerful or customizable enough? I built Fast Travel, a Bunnylol-inspired, command-based search engine replacement that you can host effortlessly on GitHub Pages. It's made for people who want eve…",https://github.com/DoubleGremlin181/fast-travel,2025-03-22T02:11:48Z,"Supercharge your search bar
Fast Travel is a Bunnylol-inspired, configurable, command-based search engine replacement that you can easily host on GitHub Pages. It streamlines your searches and navig… [+6335 chars]",,,
Motley Fool Australia,James Mickleboro,New to investing? Here's the smartest way to get started with ASX shares,"It isn't as hard as you might think to become a successful investor.
The post New to investing? Here's the smartest way to get started with ASX shares appeared first on The Motley Fool Australia.",https://www.fool.com.au/2025/03/22/new-to-investing-heres-the-smartest-way-to-get-started-with-asx-shares/,2025-03-21T20:12:00Z,"Investing can seem overwhelming when you're just starting out. There are thousands of ASX shares and global stocks to choose from, financial jargon everywhere, and the fear of making a costly mistake… [+3587 chars]",,,
Motley Fool Australia,James Mickleboro,3 excellent ASX ETFs to buy and hold for 10 years or more,"These funds could be top options for investors with a long investment time horizon.
The post 3 excellent ASX ETFs to buy and hold for 10 years or more appeared first on The Motley Fool Australia.",https://www.fool.com.au/2025/03/22/3-excellent-asx-etfs-to-buy-and-hold-for-10-years-or-more/,2025-03-21T19:35:00Z,"If you're looking to build long-term wealth, buying and holding high-quality exchange-traded funds (ETFs) can be a smart and stress-free strategy.
While short-term market fluctuations can be unpredi… [+3159 chars]",,,
Biztoc.com,benzinga.com,"Assessing Apple's Performance Against Competitors In Technology Hardware, Storage & Peripherals Industry","In today's rapidly changing and fiercely competitive business landscape, it is vital for investors and industry enthusiasts to carefully evaluate companies. In this article, we will perform a comprehensive industry comparison, evaluating Apple AAPL against it…",https://biztoc.com/x/34a9e09b7d9a88be,2025-03-21T15:16:43Z,"In today's rapidly changing and fiercely competitive business landscape, it is vital for investors and industry enthusiasts to carefully evaluate companies. In this article, we will perform a compreh… [+142 chars]",,,
Investor's Business Daily,"ADAM SHELL, Investor's Business Daily",Best Mutual Funds: How The Winners Beat Their Benchmark,How do the best-performing mutual funds beat their benchmarks? Learn the strategies of IBD's list of 2025 Best Mutual Funds winners.,https://www.investors.com/etfs-and-funds/mutual-funds/best-performing-mutual-funds-2025-beat-benchmarks/,2025-03-21T12:25:56Z,No fund investor wants to own a one-year wonder. They want a best-performing mutual fund that's built to last one that posts consistent market-beating returns. That's why owning mutual funds run by t… [+14338 chars],,,
Investor's Business Daily,"MARIE BEERENS, Investor's Business Daily","Nasdaq 100 Index Outperforms The S&P 500, But Has Its Pros And Cons","Despite its tech-heavy bias, the Nasdaq 100 remains a compelling, and winning, investment choice for certain investors.",https://www.investors.com/etfs-and-funds/mutual-funds/nasdaq-100-index-outperforms-but-has-pros-and-cons/,2025-03-21T12:25:14Z,"Home to megacaps like Nvidia (NVDA), Alphabet (GOOGL) and Apple (AAPL), the Nasdaq 100 index is celebrating its 40th anniversary this year, with a record worthy of the party. Its total return has out… [+6889 chars]",,,
ETF Daily News,MarketBeat News,United Asset Strategies Inc. Has $43.63 Million Position in Apple Inc. (NASDAQ:AAPL),"United Asset Strategies Inc. lowered its position in Apple Inc. (NASDAQ:AAPL – Free Report) by 6.1% in the 4th quarter, Holdings Channel reports. The institutional investor owned 174,236 shares of the iPhone maker’s stock after selling 11,407 shares during th…",https://www.etfdailynews.com/2025/03/21/united-asset-strategies-inc-has-43-63-million-position-in-apple-inc-nasdaqaapl/,2025-03-21T09:43:02Z,"United Asset Strategies Inc. lowered its position in Apple Inc. (NASDAQ:AAPL – Free Report) by 6.1% in the 4th quarter, Holdings Channel reports. The institutional investor owned 174,236 shares of th… [+4668 chars]",,,
ETF Daily News,MarketBeat News,Lighthouse Wealth Management Inc. Takes Position in Apple Inc. (NASDAQ:AAPL),"Lighthouse Wealth Management Inc. bought a new stake in Apple Inc. (NASDAQ:AAPL – Free Report) in the 4th quarter, Holdings Channel reports. The fund bought 6,129 shares of the iPhone maker’s stock, valued at approximately $1,535,000. Apple accounts for 1.4% …",https://www.etfdailynews.com/2025/03/21/lighthouse-wealth-management-inc-takes-position-in-apple-inc-nasdaqaapl/,2025-03-21T09:43:01Z,"Lighthouse Wealth Management Inc. bought a new stake in Apple Inc. (NASDAQ:AAPL – Free Report) in the 4th quarter, Holdings Channel reports. The fund bought 6,129 shares of the iPhone maker’s stock, … [+4859 chars]",,,
ETF Daily News,MarketBeat News,Buttonwood Financial Advisors Inc. Sells 199 Shares of Apple Inc. (NASDAQ:AAPL),"Buttonwood Financial Advisors Inc. decreased its holdings in shares of Apple Inc. (NASDAQ:AAPL – Free Report) by 1.3% in the fourth quarter, Holdings Channel.com reports. The firm owned 14,762 shares of the iPhone maker’s stock after selling 199 shares during…",https://www.etfdailynews.com/2025/03/21/buttonwood-financial-advisors-inc-sells-199-shares-of-apple-inc-nasdaqaapl/,2025-03-21T09:43:00Z,"Buttonwood Financial Advisors Inc. decreased its holdings in shares of Apple Inc. (NASDAQ:AAPL – Free Report) by 1.3% in the fourth quarter, Holdings Channel.com reports. The firm owned 14,762 shares… [+5121 chars]",,,
ETF Daily News,MarketBeat News,Parkside Investments LLC Has $12.53 Million Stock Position in Apple Inc. (NASDAQ:AAPL),"Parkside Investments LLC cut its stake in Apple Inc. (NASDAQ:AAPL – Free Report) by 11.5% in the fourth quarter, according to the company in its most recent filing with the Securities and Exchange Commission. The institutional investor owned 50,033 shares of …",https://www.etfdailynews.com/2025/03/21/parkside-investments-llc-has-12-53-million-stock-position-in-apple-inc-nasdaqaapl/,2025-03-21T09:43:00Z,"Parkside Investments LLC cut its stake in Apple Inc. (NASDAQ:AAPL – Free Report) by 11.5% in the fourth quarter, according to the company in its most recent filing with the Securities and Exchange Co… [+5162 chars]",,,
ETF Daily News,MarketBeat News,James Hambro & Partners LLP Sells 433 Shares of Apple Inc. (NASDAQ:AAPL),"James Hambro & Partners LLP trimmed its holdings in Apple Inc. (NASDAQ:AAPL – Free Report) by 8.6% in the 4th quarter, according to its most recent disclosure with the Securities and Exchange Commission. The firm owned 4,584 shares of the iPhone maker’s stock…",https://www.etfdailynews.com/2025/03/21/james-hambro-partners-llp-sells-433-shares-of-apple-inc-nasdaqaapl/,2025-03-21T09:43:00Z,"James Hambro &amp; Partners LLP trimmed its holdings in Apple Inc. (NASDAQ:AAPL – Free Report) by 8.6% in the 4th quarter, according to its most recent disclosure with the Securities and Exchange Com… [+4575 chars]",,,
ETF Daily News,MarketBeat News,Apple Inc. (NASDAQ:AAPL) is Parsons Capital Management Inc. RI’s Largest Position,"Parsons Capital Management Inc. RI boosted its position in shares of Apple Inc. (NASDAQ:AAPL – Free Report) by 19.1% during the fourth quarter, according to its most recent Form 13F filing with the Securities and Exchange Commission (SEC). The firm owned 749,…",https://www.etfdailynews.com/2025/03/21/apple-inc-nasdaqaapl-is-parsons-capital-management-inc-ris-largest-position/,2025-03-21T09:42:55Z,"Parsons Capital Management Inc. RI boosted its position in shares of Apple Inc. (NASDAQ:AAPL – Free Report) by 19.1% during the fourth quarter, according to its most recent Form 13F filing with the S… [+4702 chars]",,,
ETF Daily News,MarketBeat News,Apple Inc. (NASDAQ:AAPL) Shares Purchased by Cornerstone Wealth Group LLC,"Cornerstone Wealth Group LLC lifted its holdings in Apple Inc. (NASDAQ:AAPL – Free Report) by 3.3% during the fourth quarter, according to the company in its most recent Form 13F filing with the Securities & Exchange Commission. The institutional investor own…",https://www.etfdailynews.com/2025/03/21/apple-inc-nasdaqaapl-shares-purchased-by-cornerstone-wealth-group-llc/,2025-03-21T09:42:53Z,"Cornerstone Wealth Group LLC lifted its holdings in Apple Inc. (NASDAQ:AAPL – Free Report) by 3.3% during the fourth quarter, according to the company in its most recent Form 13F filing with the Secu… [+5319 chars]",,,
ETF Daily News,MarketBeat News,Apple Inc. (NASDAQ:AAPL) is Kavar Capital Partners Group LLC’s Largest Position,"Kavar Capital Partners Group LLC cut its holdings in shares of Apple Inc. (NASDAQ:AAPL – Free Report) by 1.1% during the fourth quarter, Holdings Channel reports. The firm owned 156,825 shares of the iPhone maker’s stock after selling 1,711 shares during the …",https://www.etfdailynews.com/2025/03/21/apple-inc-nasdaqaapl-is-kavar-capital-partners-group-llcs-largest-position/,2025-03-21T09:42:53Z,"Kavar Capital Partners Group LLC cut its holdings in shares of Apple Inc. (NASDAQ:AAPL – Free Report) by 1.1% during the fourth quarter, Holdings Channel reports. The firm owned 156,825 shares of the… [+4987 chars]",,,
ETF Daily News,MarketBeat News,Prism Advisors Inc. Sells 184 Shares of Apple Inc. (NASDAQ:AAPL),"Prism Advisors Inc. lowered its position in Apple Inc. (NASDAQ:AAPL – Free Report) by 3.1% during the 4th quarter, Holdings Channel reports. The fund owned 5,718 shares of the iPhone maker’s stock after selling 184 shares during the period. Prism Advisors Inc…",https://www.etfdailynews.com/2025/03/21/prism-advisors-inc-sells-184-shares-of-apple-inc-nasdaqaapl/,2025-03-21T09:42:49Z,"Prism Advisors Inc. lowered its position in Apple Inc. (NASDAQ:AAPL – Free Report) by 3.1% during the 4th quarter, Holdings Channel reports. The fund owned 5,718 shares of the iPhone maker’s stock af… [+4836 chars]",,,
Applech2.com,applech2,elago、24インチiMacのスタンド風デザインのQi2対応iPhone用ワイヤレス充電器「Wireless Charging Aluminium Stand」を発売。,"elagoがQi2に対応した24インチiMacのスタンド風デザインのiPhone用ワイヤレス充電器「Wireless Charging Aluminium Stand」を発売しています。詳細は以下から。 　米サンディエ […]
The post elago、24インチiMacのスタンド風デザインのQi2対応iPhone用ワイヤレス充電器「Wireless Charging Aluminium Stand」を発売。 first appeared on AAPL Ch..",https://applech2.com/archives/20250321-elgato-wireless-charging-aluminium-stand-qi2-for-iphone.html,2025-03-21T08:00:05Z,"elagoQi224iMaciPhoneWireless Charging Aluminium Stand
elago24iMacQi2iPhoneelago Wireless Charging Aluminium Stand (EMSST-15W-AL)
SAFE AND HASSLE FREE CHARGING stand that looks great. Not only is th… [+428 chars]",,,
ETF Daily News,MarketBeat News,"West Wealth Group LLC Purchases 1,674 Shares of Apple Inc. (NASDAQ:AAPL)","West Wealth Group LLC grew its holdings in shares of Apple Inc. (NASDAQ:AAPL – Free Report) by 3.5% during the 4th quarter, HoldingsChannel reports. The institutional investor owned 49,181 shares of the iPhone maker’s stock after purchasing an additional 1,67…",https://www.etfdailynews.com/2025/03/21/west-wealth-group-llc-purchases-1674-shares-of-apple-inc-nasdaqaapl/,2025-03-21T07:15:00Z,"West Wealth Group LLC grew its holdings in shares of Apple Inc. (NASDAQ:AAPL – Free Report) by 3.5% during the 4th quarter, HoldingsChannel reports. The institutional investor owned 49,181 shares of … [+5224 chars]",,,
ETF Daily News,MarketBeat News,Main Line Retirement Advisors LLC Buys 56 Shares of Apple Inc. (NASDAQ:AAPL),"Main Line Retirement Advisors LLC lifted its position in Apple Inc. (NASDAQ:AAPL – Free Report) by 1.7% during the 4th quarter, Holdings Channel reports. The firm owned 3,293 shares of the iPhone maker’s stock after acquiring an additional 56 shares during th…",https://www.etfdailynews.com/2025/03/21/main-line-retirement-advisors-llc-buys-56-shares-of-apple-inc-nasdaqaapl/,2025-03-21T07:14:51Z,"Main Line Retirement Advisors LLC lifted its position in Apple Inc. (NASDAQ:AAPL – Free Report) by 1.7% during the 4th quarter, Holdings Channel reports. The firm owned 3,293 shares of the iPhone mak… [+4509 chars]",,,
ETF Daily News,MarketBeat News,Apple (NASDAQ:AAPL) Shares Acquired Rep. Marjorie Taylor Greene,"Representative Marjorie Taylor Greene (R-Georgia) recently bought shares of Apple Inc. (NASDAQ:AAPL). In a filing disclosed on March 19th, the Representative disclosed that they had bought between $1,001 and $15,000 in Apple stock on March 17th. Representativ…",https://www.etfdailynews.com/2025/03/21/apple-nasdaqaapl-shares-acquired-rep-marjorie-taylor-greene/,2025-03-21T06:36:49Z,"Representative Marjorie Taylor Greene (R-Georgia) recently bought shares of Apple Inc. (NASDAQ:AAPL). In a filing disclosed on March 19th, the Representative disclosed that they had bought between $1… [+6056 chars]",,,
Motley Fool Australia,Laura Stewart,Bullish about semiconductors? Check out this ASX ETF,"Semiconductors are here to stay. 
The post Bullish about semiconductors? Check out this ASX ETF appeared first on The Motley Fool Australia.",https://www.fool.com.au/2025/03/21/bullish-about-semiconductors-check-out-this-asx-etf/,2025-03-21T01:12:58Z,"If you've seen the highlights from Nvidia's GTC conference this week, you may be feeling partially bullish about the semiconductor industry. 
For those who haven't had a chance to check it out, Nvid… [+2729 chars]",,,
Applech2.com,applech2,AppleのMagic KeyboardとMagic Trackpadを一体化しMacBookのように使用できる「Tyonit Harmony Tray Pro」が日本でも販売開始。,"AppleのMagic KeyboardとMagic Trackpadを一体化できるトレイ「Tyonit Harmony Tray Pro」の日本での販売が開始されています。詳細は以下から。 　韓国のTyonitは20 […]
The post AppleのMagic KeyboardとMagic Trackpadを一体化しMacBookのように使用できる「Tyonit Harmony Tray Pro」が日本でも販売開始。 first appeared on AAPL Ch..",https://applech2.com/archives/20250321-tyonit-harmony-tray-pro-now-available.html,2025-03-20T22:45:17Z,"AppleMagic KeyboardMagic TrackpadTyonit Harmony Tray Pro
Tyonit202502USB-CLightningApple Magic KeyboardTrackpadTyonit Harmony Tray Pro (MH002UV01)Tyonit Harmony Tray Pro
()Magic Trackpad(USB-C)Appl… [+426 chars]",,,
Motley Fool Australia,James Mickleboro,ASX ETFs: The one-stop shop for diversification,"These funds could be great options for investors wanting to diversify their portfolio.
The post ASX ETFs: The one-stop shop for diversification appeared first on The Motley Fool Australia.",https://www.fool.com.au/2025/03/21/asx-etfs-the-one-stop-shop-for-diversification/,2025-03-20T21:15:00Z,"When it comes to investing, diversification is one of the golden rules.
Spreading your money across multiple companies, sectors, and geographies can reduce risk and improve long-term returns.
But f… [+2353 chars]",,,
Motley Fool Australia,James Mickleboro,VGS ETF: The case for geographical diversification,"Want to look beyond the ASX for your investments? This could be the way to do it.
The post VGS ETF: The case for geographical diversification appeared first on The Motley Fool Australia.",https://www.fool.com.au/2025/03/21/vgs-etf-the-case-for-geographical-diversification/,2025-03-20T19:55:17Z,"Many ASX investors have a natural home bias when it comes to building their portfolios.
It's easy to understand whyAustralia has a stable economy, a collection of world-class companies, and a strong… [+3024 chars]",,,
Zacks Commentary,Sheraz Mian,Breaking Down the Mag 7 Earnings Outlook,,https://www.zacks.com/commentary/2435922/breaking-down-the-mag-7-earnings-outlook,2025-03-26T22:56:00+00:00,,"The Magnificent 7 stocks have lost ground lately, with the DeepSeek breakthrough putting a spotlight on the group's ever-rising capital outlays. But what can investors expect in their Q1 results?",0.231884,Somewhat-Bullish
Zacks Commentary,Sheraz Mian,Breaking Down the Mag 7 Earnings Outlook,,https://www.zacks.com/commentary/2435925/breaking-down-the-mag-7-earnings-outlook,2025-03-26T22:51:00+00:00,,"The Magnificent 7 stocks have lost ground lately, with the DeepSeek breakthrough putting a spotlight on the group's ever-rising capital outlays. But what can investors expect in their Q1 results?",0.231884,Somewhat-Bullish
Motley Fool,Matt Frankel,2 Wonderful High-Tech ETFs That Still Look Like Bargains Right Now,,https://www.fool.com/investing/2025/03/26/2-wonderful-high-tech-etfs-that-still-look-like-ba/,2025-03-26T22:23:00+00:00,,"After a bit of a rebound, the Nasdaq Composite index is no longer officially in correction territory, for now at least, down by just 9% from the recent highs as of this writing. However, when it comes to finding excellent ETFs, there are still some excellent bargains for long-term investors.With ...",0.194173,Somewhat-Bullish
Zacks Commentary,Zacks Equity Research,Apple  ( AAPL )  Stock Moves -0.99%: What You Should Know,,https://www.zacks.com/stock/news/2435844/apple-aapl-stock-moves--099-what-you-should-know,2025-03-26T21:45:16+00:00,,"Apple (AAPL) closed the most recent trading day at $221.53, moving -0.99% from the previous trading session.",0.087162,Neutral
Benzinga,Adam Eckert,Meta Is Paying 'Way Above Market Rate' For Reality Labs Developers As Metaverse Losses Mount - Meta Platforms  ( NASDAQ:META ) ,,https://www.benzinga.com/general/gaming/25/03/40399305/dont-forget-about-the-metaverse-average-meta-vr-developer-salary-is-more-than-typical-american-mak,2025-03-26T15:30:00+00:00,,"Meta is luring in VR programmers with ""unusually high"" salaries ranging from $600,000 to $1 million. ""It's not an exaggeration to say that their total compensation is double or more than double of what you'll get at a large gaming company."" Pelosi's latest AI pick skyrocketed 169% in just one ...",0.108467,Neutral
Zacks Commentary,Derek Lewis,These 3 Companies are Cash Generating Machines,,https://www.zacks.com/commentary/2435179/these-3-companies-are-cash-generating-machines,2025-03-26T15:15:00+00:00,,"Strong cash flows reflect financial stability, enabling companies to eliminate debt, pursue growth opportunities, and distribute dividend payments, among other positive features.",0.345548,Somewhat-Bullish
Benzinga,Benzinga Insights,"Insights Into Apple's Performance Versus Peers In Technology Hardware, Storage & Peripherals Sector - Apple  ( NASDAQ:AAPL ) ",,https://www.benzinga.com/insights/news/25/03/44496034/insights-into-apples-performance-versus-peers-in-technology-hardware-storage-amp-peripherals-sector,2025-03-26T15:00:51+00:00,,"Amidst the fast-paced and highly competitive business environment of today, conducting comprehensive company analysis is essential for investors and industry enthusiasts.",0.276249,Somewhat-Bullish
Zacks Commentary,Zacks Equity Research,"The Zacks Analyst Blog Highlights Apple, Alphabet, Garmin and Meta",,https://www.zacks.com/stock/news/2435683/the-zacks-analyst-blog-highlights-apple-alphabet-garmin-and-meta,2025-03-26T14:48:00+00:00,,"Apple, Alphabet, Garmin and Meta are part of the Zacks top Analyst Blog.",0.281319,Somewhat-Bullish
Benzinga,RIPS,How To Trade The Top Tech Stocks Today?,,https://www.benzinga.com/etfs/broad-u-s-equity-etfs/25/03/44494690/how-to-trade-the-top-tech-stocks-today,2025-03-26T14:04:40+00:00,,"Good Morning Traders! In today's Market Clubhouse Morning Memo, we will discuss SPY, QQQ, AAPL, MSFT, NVDA, GOOGL, META, and TSLA. Our proprietary formula, exclusive to Market Clubhouse, dictates these price levels. This dynamic equation takes into account price, volume, and options flow.",0.182323,Somewhat-Bullish
Zacks Commentary,Zacks Equity Research,"Stock Market News For Mar 26, 2025",,https://www.zacks.com/stock/news/2435394/stock-market-news-for-mar-26-2025,2025-03-26T13:29:00+00:00,,"U.S. stocks ended higher on Tuesday on optimism that President Donald Trump's reciprocal tariffs, which go into effect from April 2, will be less aggressive than previously expected.",0.078153,Neutral
Benzinga,Anusuya Lahiri,"Alibaba, BMW Team Up To Bring AI-Powered Smart Assistant In Next-Gen China Cars - Alibaba Gr Hldgs  ( NYSE:BABA ) ",,https://www.benzinga.com/25/03/44492590/alibaba-and-bmw-team-up-to-bring-ai-powered-smart-assistant-to-next-gen-cars-in-china,2025-03-26T12:35:53+00:00,,"Alibaba and BMW to co-develop AI assistant using Qwen LLM for Neue Klasse models, launching in China in 2026. New AI-powered BMW assistant will offer voice commands, trip planning, and real-time suggestions like parking and dining. Feel unsure about the market's next move?",0.271142,Somewhat-Bullish
Zacks Commentary,Zacks Equity Research,Should SPDR Portfolio S&P 500 Value ETF  ( SPYV )  Be on Your Investing Radar?,,https://www.zacks.com/stock/news/2435228/should-spdr-portfolio-sp-500-value-etf-spyv-be-on-your-investing-radar,2025-03-26T10:20:06+00:00,,Style Box ETF report for ...,0.258124,Somewhat-Bullish
Zacks Commentary,Zacks Equity Research,Is Vident U.S. Equity Strategy ETF  ( VUSE )  a Strong ETF Right Now?,,https://www.zacks.com/stock/news/2435231/is-vident-us-equity-strategy-etf-vuse-a-strong-etf-right-now,2025-03-26T10:20:06+00:00,,Smart Beta ETF report for ...,0.229911,Somewhat-Bullish
Zacks Commentary,Zacks Equity Research,Should Goldman Sachs MarketBeta U.S. 1000 Equity ETF  ( GUSA )  Be on Your Investing Radar?,,https://www.zacks.com/stock/news/2435232/should-goldman-sachs-marketbeta-us-1000-equity-etf-gusa-be-on-your-investing-radar,2025-03-26T10:20:05+00:00,,Style Box ETF report for GUSA ...,0.173142,Somewhat-Bullish
Zacks Commentary,Zacks Equity Research,Is WisdomTree U.S. LargeCap ETF  ( EPS )  a Strong ETF Right Now?,,https://www.zacks.com/stock/news/2435240/is-wisdomtree-us-largecap-etf-eps-a-strong-etf-right-now,2025-03-26T10:20:04+00:00,,Smart Beta ETF report for ...,0.222288,Somewhat-Bullish
Motley Fool,David Jagielski,Nasdaq Correction: 3 Unstoppable Growth Stocks to Buy on the Dip,,https://www.fool.com/investing/2025/03/26/nasdaq-correction-growth-stocks-buy-dip/,2025-03-26T08:45:00+00:00,,"The Nasdaq Composite is down 9.1% this year and back on Monday morning it was still trading in correction territory. Several stocks have been bouncing back, but there are still some intriguing buys available right now that may set you up for some strong returns in the future.Three stocks that are ...",0.118379,Neutral
Motley Fool,Matt DiLallo,3 Reasons to Buy Berkshire Hathaway Stock Like There's No Tomorrow,,https://www.fool.com/investing/2025/03/26/3-reasons-to-buy-berkshire-hathaway-stock-like-the/,2025-03-26T07:11:00+00:00,,Berkshire Hathaway ( NYSE: BRK.B ) ( NYSE: BRK.A ) has been a fantastic investment over the years. The investment holding company has generated a 13.7% annualized return over the past decade. That has easily surpassed the S&P 500's 10.6% annualized return.,0.391278,Bullish
Benzinga,Ananya Gairola,"TSMC's $165 Billion Bet On US Chip Manufacturing Raises Alarms In Taiwan Amid China Threat - Experts Warn Taipei Must Plan Beyond Its 'Silicon Shield' - Apple  ( NASDAQ:AAPL ) , Intel  ( NASDAQ:INTC ) ",,https://www.benzinga.com/markets/25/03/44486436/tsmcs-165-billion-bet-on-us-chip-manufacturing-raises-alarms-in-taiwan-amid-china-threat-experts-warn-tai,2025-03-26T02:38:21+00:00,,"Taiwan Semiconductor Manufacturing Co.'s TSM $165 billion U.S. expansion is reportedly driven by geopolitical pressure, supply chain security, and customer demands, but it comes with major risks for Taiwan. What Happened: TSMC's accelerated U.S. expansion aims to meet the demands of American ...",0.052847,Neutral
Motley Fool,Keithen Drury,"The ""Magnificent Seven"" Stocks Are Selling Off. Here Are My Top 5 to Buy Now.",,https://www.fool.com/investing/2025/03/25/the-magnificent-seven-stocks-are-selling-off-here/,2025-03-26T01:34:00+00:00,,"The ""Magnificent Seven"" stocks have been incredibly successful stock picks, but most have sold off so far in 2025, some heavily. Their lower prices are intriguing, but I don't think all of them make great buys right now. While five look great, I'm avoiding two. GOOGL data by YChartsContinue ...",0.226443,Somewhat-Bullish
Benzinga,Erica Kollmann,"Big Tech Companies Employ Majority Of H-1B Visa Workers: Where Do Amazon, Google, Meta Rank? - Amazon.com  ( NASDAQ:AMZN ) ",,https://www.benzinga.com/government/regulations/25/03/44485001/big-tech-companies-employ-majority-of-h-1b-visa-workers-where-do-amazon-google-meta-rank,2025-03-25T23:19:56+00:00,,"Amazon tops the list with 11,000 H-1B visa approvals in 2023. Google comes in fifth place and employed almost 5,550 H-1B workers in 2023, less than half compared to Amazon.",0.14592,Neutral
Zacks Commentary,Shuvra Shankar Dey,ARM Stock Declines 10% in a Month: Buy or Wait for Further Fall?,,https://www.zacks.com/stock/news/2435040/arm-stock-declines-10-in-a-month-buy-or-wait-for-further-fall,2025-03-25T17:26:00+00:00,,"Given the recent fall in Arm Holdings shares, we evaluate the stock's current position to determine whether it presents a good investment opportunity.",0.369049,Bullish
Zacks Commentary,Shuvra Shankar Dey,Spotify Stock Soars 130% in a Year: Is it Still a Buy Now?,,https://www.zacks.com/stock/news/2435030/spotify-stock-soars-130-in-a-year-is-it-still-a-buy-now,2025-03-25T17:11:00+00:00,,"Given SPOT's price rise, we analyze its current position to find out whether investors should buy it, hold it, or book profits.",0.537158,Bullish
Benzinga,The Arora Report,"Market Mechanics Driving Stocks, Tariffs Whipsaw, AI Data Center Bubble Warning",,https://www.benzinga.com/markets/equities/25/03/44476483/market-mechanics-driving-stocks-tariffs-whipsaw-ai-data-center-bubble-warning,2025-03-25T15:50:00+00:00,,"To gain an edge, this is what you need to know today. Please click here for an enlarged chart of SPDR S&P 500 ETF Trust ( SPY ) which represents the benchmark stock market index S&P 500 ( SPX ) .",0.202329,Somewhat-Bullish
Zacks Commentary,Zacks Equity Research,Live Nation Entertainment Rises 22% in a Year: Time to Buy the Stock?,,https://www.zacks.com/stock/news/2434927/live-nation-entertainment-rises-22-in-a-year-time-to-buy-the-stock,2025-03-25T15:23:00+00:00,,"LYV is well-positioned for growth in 2025 with high ticket volume and expansion of new venues, which investors can see as a compelling entry point in the year.",0.392535,Bullish
Zacks Commentary,Subham Roy,4 Tech Stocks Penetrating the Health and Fitness Wearables Market,,https://www.zacks.com/stock/news/2434924/4-tech-stocks-penetrating-the-health-and-fitness-wearables-market,2025-03-25T15:17:00+00:00,,"Let's take a look at four tech stocks, AAPL, GOOGL, GRMN and META, which are penetrating the Health and Fitness Wearables Market.",0.285962,Somewhat-Bullish
Benzinga,Benzinga Insights,"Inquiry Into Apple's Competitor Dynamics In Technology Hardware, Storage & Peripherals Industry - Apple  ( NASDAQ:AAPL ) ",,https://www.benzinga.com/insights/news/25/03/44475380/inquiry-into-apples-competitor-dynamics-in-technology-hardware-storage-amp-peripherals-industry,2025-03-25T15:00:49+00:00,,"In today's rapidly changing and fiercely competitive business landscape, it is essential for investors and industry enthusiasts to thoroughly analyze companies. In this article, we will conduct a comprehensive industry comparison, evaluating Apple AAPL against its key competitors in the ...",0.282258,Somewhat-Bullish
Benzinga,Benzinga Insights,Apple Unusual Options Activity For March 25 - Apple  ( NASDAQ:AAPL ) ,,https://www.benzinga.com/insights/options/25/03/44474842/apple-unusual-options-activity-for-march-25,2025-03-25T14:30:53+00:00,,"Deep-pocketed investors have adopted a bullish approach towards Apple AAPL, and it's something market players shouldn't ignore. Our tracking of public options records at Benzinga unveiled this significant move today.",0.194083,Somewhat-Bullish
Zacks Commentary,Vasundhara Sawalka,Netflix's Content Strategy Signals Strong 2025 Returns: Time to Buy?,,https://www.zacks.com/stock/news/2434915/netflixs-content-strategy-signals-strong-2025-returns-time-to-buy,2025-03-25T14:00:00+00:00,,Netflix's 2025 content slate and tech upgrades promise strong growth. Investors should buy before subscriber gains drive the stock higher.,0.387948,Bullish
Zacks Commentary,Zacks Equity Research,"Company News for Mar 25, 2025",,https://www.zacks.com/stock/news/2434777/company-news-for-mar-25-2025,2025-03-25T13:37:00+00:00,,Companies in The News Are. ...,0.219501,Somewhat-Bullish
Motley Fool,Motley Fool Staff,Market Movers: Jerome Powell and Jensen Huang,,https://www.fool.com/investing/2025/03/25/market-movers-jerome-powell-and-jensen-huang/,2025-03-25T12:45:00+00:00,,"We also talk with Joe Cutillo, CEO of Sterling Infrastructure, about tariffs and other timely topics.",0.100336,Neutral
Benzinga,RIPS,How To Trade SPY: A Technical Perspective,,https://www.benzinga.com/trading-ideas/technicals/25/03/44472318/how-to-trade-spy-today-a-technical-perspective,2025-03-25T12:41:22+00:00,,"Good Morning Traders! In today's Market Clubhouse Morning Memo, we will discuss SPY, QQQ, AAPL, MSFT, NVDA, GOOGL, META, and TSLA. Our proprietary formula, exclusive to Market Clubhouse, dictates these price levels. This dynamic equation takes into account price, volume, and options flow.",0.099593,Neutral
Benzinga,Namrata Sen,"Jim Cramer Attributes Monday's Market Rally To Optimism Over Tariff Changes: Says Market Likes 'Transparency And Certainty' - Invesco QQQ Trust, Series 1  ( NASDAQ:QQQ ) , Apple  ( NASDAQ:AAPL ) ",,https://www.benzinga.com/25/03/44470755/jim-cramer-attributes-mondays-market-rally-to-optimism-over-tariff-changes-says-market-likes-transparency-and-cer,2025-03-25T11:15:11+00:00,,"The stock market rally on Monday was reportedly driven by investor optimism for a new approach to tariffs, according to CNBC's Jim Cramer. What Happened: Cramer attributed the market rebound to the potential for a more transparent future in global trade.",0.258862,Somewhat-Bullish
Zacks Commentary,Zacks Equity Research,Should John Hancock Multifactor Large Cap ETF  ( JHML )  Be on Your Investing Radar?,,https://www.zacks.com/stock/news/2434536/should-john-hancock-multifactor-large-cap-etf-jhml-be-on-your-investing-radar,2025-03-25T10:20:06+00:00,,Style Box ETF report for ...,0.157281,Somewhat-Bullish
Zacks Commentary,Zacks Equity Research,Should Franklin U.S. Large Cap Multifactor Index ETF  ( FLQL )  Be on Your Investing Radar?,,https://www.zacks.com/stock/news/2434545/should-franklin-us-large-cap-multifactor-index-etf-flql-be-on-your-investing-radar,2025-03-25T10:20:04+00:00,,Style Box ETF report for ...,0.162603,Somewhat-Bullish
Benzinga,Namrata Sen,"Intel Targets Major Foundry Clients In New Strategy To Revitalize Chip Design, Says UBS - Apple  ( NASDAQ:AAPL ) , Broadcom  ( NASDAQ:AVGO ) ",,https://www.benzinga.com/25/03/44469986/intel-targets-major-foundry-clients-in-new-strategy-to-revitalize-chip-design-says-ubs,2025-03-25T10:19:59+00:00,,"Intel Corp. INTC is reportedly strategizing to rejuvenate its chip design and broaden its foundry business, with the potential of securing significant clients such as Nvidia Corp. NVDA and Broadcom Inc. AVGO.",0.263256,Somewhat-Bullish
Zacks Commentary,Zacks Equity Research,3 Calamos Mutual Fund for Long-term Returns,,https://www.zacks.com/stock/news/2434511/3-calamos-mutual-fund-for-long-term-returns,2025-03-25T09:15:00+00:00,,"Invest in Calamos mutual funds like CVLOX, CAGEX and CTASX for a diversified portfolio ...",0.327261,Somewhat-Bullish
Motley Fool,Adam Levy,Warren Buffett Has 47% of Berkshire Hathaway's $283 Billion Stock Portfolio Invested in Just 3 Truly Wonderful Companies,,https://www.fool.com/investing/2025/03/25/warren-buffett-has-47-of-berkshire-hathaways-283-b/,2025-03-25T08:31:00+00:00,,"Despite an increasingly sprawling portfolio, Buffett still likes to bet big on his best ideas.",0.375953,Bullish
Motley Fool,Trevor Jennewine,"Nasdaq Correction: 2 AI Stocks Down 33% and 86% to Buy Before They Soar, According to Wall Street",,https://www.fool.com/investing/2025/03/25/nasdaq-correction-2-stocks-down-87-buy-before-soar/,2025-03-25T08:00:00+00:00,,"The Nasdaq Composite ( NASDAQINDEX: ^IXIC ) has spent much of March more than 10% off its all-time high, which put the index in correction territory. But Wall Street analysts see that drawdown an opportunity to buy shares of Arm Holdings ( NASDAQ: ARM ) and Upstart Holdings ( NASDAQ: UPST ) ...",0.281711,Somewhat-Bullish
Benzinga,Ananya Gairola,Apple Watch Update Will Allow Alarms To Ring In Silent Mode: Enough To Wake Up Heavy Sleepers? - Apple  ( NASDAQ:AAPL ) ,,https://www.benzinga.com/media/25/03/44468709/apple-watch-update-will-allow-alarms-to-ring-in-silent-mode-enough-to-wake-up-heavy-sleepers,2025-03-25T06:41:19+00:00,,"Apple Inc.'s AAPL upcoming watchOS 11.4 update will bring a long-requested feature to the Apple Watch-letting alarms sound even when Silent Mode is on. What Happened: According to the release notes for watchOS 11.4's release candidate, Apple is adding a new option that allows Sleep Wake Up alarms ...",0.077501,Neutral
Benzinga,The Arora Report,"Deploy Cash And Reduce Hedges, Powerful Market Mechanics And Trump Tariffs Control The Stock Market",,https://www.benzinga.com/markets/equities/25/03/44460994/deploy-cash-and-reduce-hedges-powerful-market-mechanics-and-trump-tariffs-control-the-stock-mark,2025-03-24T15:54:34+00:00,,"To gain an edge, this is what you need to know today. This change is primarily triggered by a combination of powerful market mechanics and President Trump's tariff shift. Keep in mind that this change may need to be quickly reversed if President Trump changes his mind.",0.292655,Somewhat-Bullish
Motley Fool,Motley Fool Staff,Motley Fool 2025 March Market Cap Showdown Championship,,https://www.fool.com/investing/2025/03/24/motley-fool-2025-march-market-cap-showdown-champio/,2025-03-24T15:41:00+00:00,,"It all comes down to this...the final round of the Motley Fool Rule Breaker Investing March Market Cap Showdown! Defending Champion Andy Cross has held off all contenders and pretenders, but game show survivor Emily Flippen is not one to back down from a challenge. Who will win the crown for 2025?",0.18411,Somewhat-Bullish
Benzinga,Benzinga Insights,"In-Depth Analysis: Apple Versus Competitors In Technology Hardware, Storage & Peripherals Industry - Apple  ( NASDAQ:AAPL ) ",,https://www.benzinga.com/insights/news/25/03/44459988/in-depth-analysis-apple-versus-competitors-in-technology-hardware-storage-amp-peripherals-industry,2025-03-24T15:00:50+00:00,,"In today's rapidly changing and highly competitive business world, it is imperative for investors and industry observers to carefully assess companies before making investment choices.",0.282227,Somewhat-Bullish
Benzinga,Namrata Sen,"Tech Sector To See Major Impact from Tariffs and Tesla's Delivery Numbers, Predicts Top Analyst: Calls April 2 As The 'Vortex Day' - Apple  ( NASDAQ:AAPL ) , Amazon.com  ( NASDAQ:AMZN ) ",,https://www.benzinga.com/markets/equities/25/03/44458244/tech-sector-to-see-major-impact-from-tariffs-and-teslas-delivery-numbers-says-top-analyst-calls-,2025-03-24T13:37:30+00:00,,"Gene Munster, managing partner at Deepwater Asset Management, has expressed concern over the potential impact of new tariffs on the tech sector, particularly on ""Mag Seven"" stocks.",0.154999,Somewhat-Bullish
CNBC,Unknown,What's hot in ETFs? Bond funds are in demand as investors flee the Nasdaq 'QQQ',,https://www.cnbc.com/2025/03/24/etf-conference-draws-2000-managers-and-advisors-to-air-latest-trends.html,2025-03-24T13:24:42+00:00,,"There have been strong inflows into fixed income, especially ultrashort funds. Precious metal funds have seen surprisingly light inflows.",0.282732,Somewhat-Bullish
Zacks Commentary,Zacks Equity Research,Investors Heavily Search Apple Inc.  ( AAPL ) : Here is What You Need to Know,,https://www.zacks.com/stock/news/2434015/investors-heavily-search-apple-inc-aapl-here-is-what-you-need-to-know,2025-03-24T13:00:11+00:00,,"Recently, Zacks.com users have been paying close attention to Apple (AAPL). This makes it worthwhile to examine what the stock has in store.",0.212853,Somewhat-Bullish
Zacks Commentary,Nilanjan Choudhury,Best Health & Fitness Stocks to Buy for Strong Growth,,https://www.zacks.com/stock/news/2434149/best-health-fitness-stocks-to-buy-for-strong-growth,2025-03-24T12:54:00+00:00,,"The health and fitness boom is fueling demand for gyms, nutrition, and wellness services. Stocks like LTH, WW, SFM, and BYND are well-positioned to benefit.",0.468546,Bullish
Zacks Commentary,Zacks Equity Research,Buy 3 Janus Henderson Mutual Funds for a Growth Portfolio,,https://www.zacks.com/stock/news/2433934/buy-3-janus-henderson-mutual-funds-for-a-growth-portfolio,2025-03-24T11:32:00+00:00,,"Invest in Janus Henderson mutual funds like JNRFX, JNGLX and JDMAX for solid returns.",0.243976,Somewhat-Bullish
Zacks Commentary,Zacks Equity Research,Should iShares Russell Top 200 ETF  ( IWL )  Be on Your Investing Radar?,,https://www.zacks.com/stock/news/2433889/should-ishares-russell-top-200-etf-iwl-be-on-your-investing-radar,2025-03-24T10:20:06+00:00,,Style Box ETF report for ...,0.16712,Somewhat-Bullish
Zacks Commentary,Zacks Equity Research,Should FlexShares US Quality Large Cap ETF  ( QLC )  Be on Your Investing Radar?,,https://www.zacks.com/stock/news/2433890/should-flexshares-us-quality-large-cap-etf-qlc-be-on-your-investing-radar,2025-03-24T10:20:06+00:00,,Style Box ETF report for ...,0.203267,Somewhat-Bullish
Zacks Commentary,Zacks Equity Research,Is Fidelity Quality Factor ETF  ( FQAL )  a Strong ETF Right Now?,,https://www.zacks.com/stock/news/2433900/is-fidelity-quality-factor-etf-fqal-a-strong-etf-right-now,2025-03-24T10:20:05+00:00,,Smart Beta ETF report for ...,0.228873,Somewhat-Bullish
