id,subreddit,title,author,created_utc,created_datetime,upvote_ratio,score,num_comments,url,permalink,selftext
1jjvzui,stocks,Stocks Close Higher for 3rd Straight Day; Tesla Surges in Late Trading to Extend Rally,BogleDick,1742940850.0,2025-03-25T15:14:10,0.67,41,106,https://www.reddit.com/r/stocks/comments/1jjvzui/stocks_close_higher_for_3rd_straight_day_tesla/,https://www.reddit.com/r/stocks/comments/1jjvzui/stocks_close_higher_for_3rd_straight_day_tesla/,"
Major indexes closed slightly higher Tuesday as the stock market continued its recovery from an extended selloff.

The S&P 500 and Nasdaq Composite added 0.2% and 0.5%, respectively, while the Dow Jones Industrial Average rose fractionally. Stocks had kicked off the week with big gains following news that President Trump could scale back some of the tariffs that are due to be imposed next week on U.S. trading partners. With the recent gains, the Dow has inched back into positive territory for 2025, as stocks have rebounded from a month-long selloff spurred by concerns about the potential impact of tariffs and uncertainty about the outlook for the economy.

Investors brushed off consumer confidence data released this morning that came in weaker than expected, with the index hitting its lowest level in more than four years. Investors are closing watching all data points amid worries that tariffs could reignite inflation and cause economic growth to stall. The big economic report of the week comes Friday with the scheduled release of the Federal Reserve's preferred measure of inflation.

The yield on the 10-year Treasury note, which had fallen during the recent stock market rout amid the growing concerns about the economy, was at 4.32% in late trading, down from 4.33% at yesterday's close and from an earlier high Tuesday of 4.37%. The yield, which affects costs on all sorts of loans, notably mortgages, hit its highest level in more than a month this morning.

Mega-cap technology stocks, which helped lead Monday's rally, were mostly higher again today. Shares of Tesla (TSLA) rallied late in the day to finish 3.5% higher, gaining ground for the 5th consecutive session, despite news Tuesday that the EV maker's sales in Europe continued to slide. Apple (AAPL), Alphabet (GOOG), Amazon (AMZN) and Meta Platforms (META) each rose more than 1%, while Microsoft (MSFT) inched ahead. Chipmakers Nvidia (NVDA) and Broadcom (AVGO) closed slightly lower



https://www.investopedia.com/dow-jones-today-03252025-11702763"
1jkm54o,investing,Rate my portfolio. All in M1,ComedyGrappler,1743021727.0,2025-03-26T13:42:07,0.43,0,4,https://www.reddit.com/r/investing/comments/1jkm54o/rate_my_portfolio_all_in_m1/,https://www.reddit.com/r/investing/comments/1jkm54o/rate_my_portfolio_all_in_m1/,"Tech heavy, but that's where GDP growth will come from in the future. It's a lot of companies, but I really like all of them.

$BRK.B 9%
$BLK 9%
$ASML 8%
$TSM 8%
$AMZN 5%
$AAPL 5%
$KO 5%
$XSD 5%
$VGT 5%
$MGK 5%
$APO 4%
$NVDA 4%
$STT 4%
$GOOGL 3%
$AXP 3%
$MSTR 3%
$WMT 3%
$GS 2%
$JPM 2%
$KKR 2%
$PLTR 2%
$SLB 2%
$UNP 2%"
1jjenqd,StockMarket,Thoughts on TSLA's and NVDA's moves yesterday.,North_Reflection1796,1742891431.0,2025-03-25T01:30:31,0.73,23,37,https://www.reddit.com/r/StockMarket/comments/1jjenqd/thoughts_on_tslas_and_nvdas_moves_yesterday/,https://www.reddit.com/r/StockMarket/comments/1jjenqd/thoughts_on_tslas_and_nvdas_moves_yesterday/,"TSLA surged 11.93% yesterday to close at 278.39, then pushed strongly in after-hours trading to 282.35. From the pre-market session, stocks all opened higher with very strong buying pressure—especially during the first hour, when momentum flowed upward almost without resistance. Looking back, TSLA is truly a stock driven by sentiment, with both bulls and bears capable of causing dramatic swings. Once sentiment is in play, the price moves can be enormous. In my view, it’s likely to continue performing strongly today rather than simply pull back.



NVDA closed up 3.15% at 121.41 yesterday. Although it experienced some volatility in the hour before the market opened, it gradually moved higher with the overall market and reached a high of 122.22. However, NVDA’s upward momentum doesn’t seem particularly strong right now, and there’s significant resistance between 123 and 124, which might make a quick breakout challenging.



Additionally, META, GOOGL, and AAPL are all showing signs of bottoming out and bouncing, which could present good opportunities for a bullish swing trade. Next Wednesday marks tariff day, and in my opinion, the market may be keen to stage a big rally before then—with a secondary directional move likely unfolding on tariff day itself.



Other stocks that I've been closely watching:

**IT Services**: NET, DOCN, BASE, MDB, IT, ACN, SNOW

**Interactive Media & Services**: CARG

**Commercial Services Providers**: ACVA

**Credit Services**: MA

**Software – Applications**: QTWO, ADSK, DDOG, DT, CVLT, CRM, UBER, WK, AIFU, NOW, HUBS, INTU



*The above represents only my personal views.*

*Thoughts?*"
