id,title,author,created_datetime,url,upvote_ratio,score
1jkjfsa,All in on Hood,DingDongDingDong6969,2025-03-26T11:51:49,https://i.redd.it/jd84287ty2re1.jpeg,0.68,46
1jkj1c9,When the dip keeps dipping  🤒🤢🤮,Spacedjatt,2025-03-26T11:35:24,https://i.redd.it/6qpeh5svv2re1.jpeg,0.96,177
1jkip3a,I stoped Btiching,Middle_Huckleberry23,2025-03-26T11:21:07,https://i.redd.it/zi7zm7zbt2re1.jpeg,0.86,699
1jkfptm,"Palantir back to $50, All in with margin",tonyg776,2025-03-26T09:20:12,https://www.reddit.com/gallery/1jkfptm,0.91,567
1jkcg4t,Anybody else buying UVIX for this April 2 kick to the nuts? 🥜,Aggressive-Travel823,2025-03-26T07:00:21,https://www.reddit.com/r/wallstreetbets/comments/1jkcg4t/anybody_else_buying_uvix_for_this_april_2_kick_to/,0.79,39
1jkbugr,NVDA 110 and 120 5/16 cash secured puts (6th time writing NVDA puts),diddycorp,2025-03-26T06:31:57,https://www.reddit.com/gallery/1jkbugr,0.91,75
1jkbp86,$14 RIVN I miss the OLD Kanye 3/28 Expiration,hectorh07,2025-03-26T06:24:56,https://i.redd.it/edb632phc1re1.jpeg,0.75,41
1jkajtf,I just like gaming and headphones,CeLeBRuHTy,2025-03-26T05:27:24,https://i.redd.it/wy9o1l7821re1.jpeg,0.93,724
1jk85jg,"Daily Discussion Thread for March 26, 2025",wsbapp,2025-03-26T02:57:32,https://www.reddit.com/r/wallstreetbets/comments/1jk85jg/daily_discussion_thread_for_march_26_2025/,0.92,256
1jk5pp7,$AVXL - Alzheimer’s Drug that Actually Works - Pending EMA Approval,baroo88,2025-03-25T23:48:31,https://www.reddit.com/gallery/1jk5pp7,0.86,239
1jk52eg,US Census Bureau Report - Advance New Orders for Manufactured Durable Goods report,Disastrous-Fun-2414,2025-03-25T23:00:48,https://www.reddit.com/r/wallstreetbets/comments/1jk52eg/us_census_bureau_report_advance_new_orders_for/,0.59,3
1jk4v8e,The great part of owning shares and not options,Far-Development9385,2025-03-25T22:46:32,https://i.redd.it/dnsflphp2zqe1.jpeg,0.71,123
1jk4tj8,If you guys wanna make money just inverse me,rifts,2025-03-25T22:43:08,https://i.redd.it/ogj591j32zqe1.jpeg,0.98,723
1jk4i69,US Census Report - Advance New Orders for Manufactured Durable Goods,Disastrous-Fun-2414,2025-03-25T22:21:33,https://www.reddit.com/r/wallstreetbets/comments/1jk4i69/us_census_report_advance_new_orders_for/,0.72,8
1jk2bbt,"Canada freezes Tesla rebate payments, excludes company from future programs",fenriswulfwsb,2025-03-25T20:11:40,https://ca.news.yahoo.com/canada-freezes-tesla-rebate-payments-231257713.html,0.95,4818
1jk1skl,"TikTok Ban Looming , so who's the top bidder now  - Meta calls or puts ?? 🐻🐻",SubstantialRock821,2025-03-25T19:43:48,https://i.redd.it/b96v2ms36yqe1.jpeg,0.79,64
1jjwfvq,$23k Short term CALLS $56k Medium term PUTS,Fuck_Racism_,2025-03-25T15:32:46,https://i.redd.it/mcwrh7ebxwqe1.jpeg,0.92,72
1jjwbe4,Epic Day of trading 🔥🔥🔥,Spacedjatt,2025-03-25T15:27:38,https://www.reddit.com/gallery/1jjwbe4,0.92,187
1jjuhna,Slow and easy wins the race (with positions),Efficient_Win_3902,2025-03-25T14:11:54,https://www.reddit.com/r/wallstreetbets/comments/1jjuhna/slow_and_easy_wins_the_race_with_positions/,0.91,57
1jjth2l,"+$4,000 from $TTD today. Total gain from owning 1,535 shares in two days is +$7,400",MasterDebator691269,2025-03-25T13:30:22,https://www.reddit.com/gallery/1jjth2l,0.83,82
1jjt9qf,Stop buying $TSLA puts,Bright_Interaction73,2025-03-25T13:22:12,https://i.redd.it/d2yx7b01awqe1.png,0.94,3793
1jjsug7,$AMD Generational Opportunity,DerianV,2025-03-25T13:04:57,https://i.redd.it/8rhc3p0y6wqe1.jpeg,0.88,390
1jjsnrj,"What Are Your Moves Tomorrow, March 26, 2025",wsbapp,2025-03-25T12:57:32,https://www.reddit.com/r/wallstreetbets/comments/1jjsnrj/what_are_your_moves_tomorrow_march_26_2025/,0.94,267
